-- phpMyAdmin SQL Dump
-- version 4.8.5
-- https://www.phpmyadmin.net/
--
-- Host: localhost
-- Generation Time: Nov 07, 2019 at 11:07 AM
-- Server version: 8.0.13-4
-- PHP Version: 7.2.24-0ubuntu0.18.04.1

SET SQL_MODE = "NO_AUTO_VALUE_ON_ZERO";
SET AUTOCOMMIT = 0;
START TRANSACTION;
SET time_zone = "+00:00";


/*!40101 SET @OLD_CHARACTER_SET_CLIENT=@@CHARACTER_SET_CLIENT */;
/*!40101 SET @OLD_CHARACTER_SET_RESULTS=@@CHARACTER_SET_RESULTS */;
/*!40101 SET @OLD_COLLATION_CONNECTION=@@COLLATION_CONNECTION */;

--
-- Database: `stores`
--

-- --------------------------------------------------------

--
-- Table structure for table `adjusts`
--

CREATE TABLE `adjusts` (
  `count_id` int(11) NOT NULL,
  `location_id` int(11) NOT NULL,
  `_adjust_type` varchar(10) NOT NULL,
  `_qty` int(11) NOT NULL,
  `_date` datetime NOT NULL,
  `user_id` varchar(128) NOT NULL,
  `createdAt` datetime NOT NULL,
  `updatedAt` datetime NOT NULL
) ENGINE=InnoDB DEFAULT CHARSET=utf8mb4;

-- --------------------------------------------------------

--
-- Table structure for table `categories`
--

CREATE TABLE `categories` (
  `category_id` int(11) NOT NULL,
  `_category` varchar(45) NOT NULL,
  `createdAt` datetime DEFAULT NULL,
  `updatedAt` datetime DEFAULT NULL
) ENGINE=InnoDB DEFAULT CHARSET=utf8mb4;

--
-- Dumping data for table `categories`
--

INSERT INTO `categories` (`category_id`, `_category`, `createdAt`, `updatedAt`) VALUES
(1, 'Uniform', NULL, NULL),
(2, 'Civilian', NULL, NULL),
(3, 'Equipment', NULL, NULL),
(4, 'Other', NULL, NULL);

-- --------------------------------------------------------

--
-- Table structure for table `demands`
--

CREATE TABLE `demands` (
  `demand_id` int(11) NOT NULL,
  `supplier_id` tinyint(4) NOT NULL,
  `_date` datetime NOT NULL,
  `_complete` tinyint(4) NOT NULL DEFAULT '0',
  `_filename` varchar(100) DEFAULT NULL,
  `user_id` varchar(128) NOT NULL,
  `updatedAt` datetime DEFAULT NULL,
  `createdAt` datetime DEFAULT NULL
) ENGINE=InnoDB DEFAULT CHARSET=utf8mb4;

-- --------------------------------------------------------

--
-- Table structure for table `demand_lines`
--

CREATE TABLE `demand_lines` (
  `line_id` int(11) NOT NULL,
  `demand_id` int(11) NOT NULL,
  `stock_id` int(11) NOT NULL,
  `_qty` int(11) NOT NULL,
  `receive_id` int(11) DEFAULT NULL,
  `createdAt` datetime NOT NULL,
  `updatedAt` datetime NOT NULL
) ENGINE=InnoDB DEFAULT CHARSET=utf8mb4;

-- --------------------------------------------------------

--
-- Table structure for table `genders`
--

CREATE TABLE `genders` (
  `gender_id` int(11) NOT NULL,
  `_gender` varchar(20) NOT NULL,
  `createdAt` datetime DEFAULT NULL,
  `updatedAt` datetime DEFAULT NULL
) ENGINE=InnoDB DEFAULT CHARSET=utf8mb4;

--
-- Dumping data for table `genders`
--

INSERT INTO `genders` (`gender_id`, `_gender`, `createdAt`, `updatedAt`) VALUES
(1, 'Male', NULL, NULL),
(2, 'Female', NULL, NULL),
(3, 'Undisclosed', NULL, NULL),
(4, 'Unisex', NULL, NULL),
(5, 'Other', NULL, NULL);

-- --------------------------------------------------------

--
-- Table structure for table `groups`
--

CREATE TABLE `groups` (
  `group_id` int(11) NOT NULL,
  `_parent` int(11) DEFAULT NULL,
  `_group` varchar(45) NOT NULL,
  `createdAt` datetime DEFAULT NULL,
  `updatedAt` datetime DEFAULT NULL
) ENGINE=InnoDB DEFAULT CHARSET=utf8mb4;

--
-- Dumping data for table `groups`
--

INSERT INTO `groups` (`group_id`, `_parent`, `_group`, `createdAt`, `updatedAt`) VALUES
(1, 1, 'Blues', NULL, NULL),
(2, 1, 'Greens', NULL, NULL),
(3, 1, 'Other', NULL, NULL),
(4, 2, 'Waterproofs', NULL, NULL),
(5, 2, 'Other', NULL, NULL),
(6, 3, 'Rucksacks', NULL, NULL),
(7, 3, 'Cooking', NULL, NULL),
(8, 3, 'Sleeping', NULL, NULL),
(9, 3, 'Other', NULL, NULL),
(10, 4, 'Other', NULL, NULL);

-- --------------------------------------------------------

--
-- Table structure for table `issues`
--

CREATE TABLE `issues` (
  `issue_id` int(11) NOT NULL,
  `issued_to` int(11) NOT NULL,
  `stock_id` int(11) NOT NULL,
  `_qty` int(11) NOT NULL,
  `_date` datetime NOT NULL,
  `_date_due` datetime NOT NULL,
  `issue_location` int(11) NOT NULL,
  `line_id` int(11) DEFAULT NULL,
  `issued_by` int(11) NOT NULL,
  `_date_returned` datetime DEFAULT NULL,
  `return_location` int(11) DEFAULT NULL,
  `returned_to` int(11) DEFAULT NULL,
  `createdAt` datetime NOT NULL,
  `updatedAt` datetime NOT NULL
) ENGINE=InnoDB DEFAULT CHARSET=utf8mb4;

--
-- Dumping data for table `issues`
--

INSERT INTO `issues` (`issue_id`, `issued_to`, `stock_id`, `_qty`, `_date`, `_date_due`, `issue_location`, `line_id`, `issued_by`, `_date_returned`, `return_location`, `returned_to`, `createdAt`, `updatedAt`) VALUES
(13, 30, 118, 1, '2019-10-30 00:00:00', '2026-10-30 00:00:00', 72, 13, 2, NULL, NULL, NULL, '2019-10-30 20:12:02', '2019-10-30 20:12:02'),
(14, 30, 134, 1, '2019-10-30 00:00:00', '2026-10-30 00:00:00', 31, 14, 2, NULL, NULL, NULL, '2019-10-30 20:12:02', '2019-10-30 20:12:02'),
(15, 21, 20, 1, '2019-11-06 00:00:00', '2026-11-06 00:00:00', 42, 15, 2, NULL, NULL, NULL, '2019-11-06 19:49:00', '2019-11-06 19:49:00'),
(16, 19, 1, 1, '2019-10-30 00:00:00', '2026-10-30 00:00:00', 71, 16, 2, NULL, NULL, NULL, '2019-11-06 19:53:40', '2019-11-06 19:53:40'),
(17, 19, 15, 1, '2019-10-30 00:00:00', '2026-10-30 00:00:00', 62, 17, 2, NULL, NULL, NULL, '2019-11-06 19:53:40', '2019-11-06 19:53:40'),
(18, 19, 227, 1, '2019-10-30 00:00:00', '2026-10-30 00:00:00', 82, 18, 2, NULL, NULL, NULL, '2019-11-06 19:53:40', '2019-11-06 19:53:40'),
(19, 19, 228, 1, '2019-10-30 00:00:00', '2026-10-30 00:00:00', 83, 19, 2, NULL, NULL, NULL, '2019-11-06 19:53:40', '2019-11-06 19:53:40'),
(20, 19, 4, 1, '2019-10-30 00:00:00', '2026-10-30 00:00:00', 70, 20, 2, NULL, NULL, NULL, '2019-11-06 19:53:40', '2019-11-06 19:53:40'),
(21, 19, 226, 1, '2019-10-30 00:00:00', '2026-10-30 00:00:00', 81, 21, 2, NULL, NULL, NULL, '2019-11-06 19:53:40', '2019-11-06 19:53:40'),
(22, 19, 198, 1, '2019-10-30 00:00:00', '2026-10-30 00:00:00', 80, 22, 2, NULL, NULL, NULL, '2019-11-06 19:53:40', '2019-11-06 19:53:40'),
(23, 19, 23, 1, '2019-10-30 00:00:00', '2026-10-30 00:00:00', 39, 23, 2, NULL, NULL, NULL, '2019-11-06 19:53:40', '2019-11-06 19:53:40'),
(24, 19, 63, 1, '2019-10-30 00:00:00', '2026-10-30 00:00:00', 73, 25, 2, NULL, NULL, NULL, '2019-11-06 19:53:40', '2019-11-06 19:53:40'),
(25, 19, 32, 1, '2019-10-30 00:00:00', '2026-10-30 00:00:00', 84, 24, 2, NULL, NULL, NULL, '2019-11-06 19:53:40', '2019-11-06 19:53:40'),
(26, 19, 51, 1, '2019-10-30 00:00:00', '2026-10-30 00:00:00', 78, 26, 2, NULL, NULL, NULL, '2019-11-06 19:53:40', '2019-11-06 19:53:40'),
(27, 19, 89, 1, '2019-10-30 00:00:00', '2026-10-30 00:00:00', 74, 27, 2, NULL, NULL, NULL, '2019-11-06 19:53:40', '2019-11-06 19:53:40'),
(28, 4, 89, 1, '2019-05-29 00:00:00', '2026-05-29 00:00:00', 74, 28, 2, NULL, NULL, NULL, '2019-11-06 20:24:02', '2019-11-06 20:24:02'),
(29, 3, 198, 1, '2018-04-25 00:00:00', '2025-04-25 00:00:00', 80, 29, 2, NULL, NULL, NULL, '2019-11-06 20:36:29', '2019-11-06 20:36:29'),
(30, 3, 226, 1, '2018-04-25 00:00:00', '2025-04-25 00:00:00', 81, 30, 2, NULL, NULL, NULL, '2019-11-06 20:36:29', '2019-11-06 20:36:29'),
(31, 3, 118, 1, '2018-04-25 00:00:00', '2025-04-25 00:00:00', 72, 31, 2, NULL, NULL, NULL, '2019-11-06 20:36:29', '2019-11-06 20:36:29'),
(32, 3, 19, 1, '2018-04-25 00:00:00', '2025-04-25 00:00:00', 85, 33, 2, NULL, NULL, NULL, '2019-11-06 20:36:29', '2019-11-06 20:36:29'),
(33, 3, 227, 1, '2018-04-25 00:00:00', '2025-04-25 00:00:00', 82, 32, 2, NULL, NULL, NULL, '2019-11-06 20:36:29', '2019-11-06 20:36:29'),
(34, 3, 4, 1, '2018-04-25 00:00:00', '2025-04-25 00:00:00', 70, 35, 2, NULL, NULL, NULL, '2019-11-06 20:36:29', '2019-11-06 20:36:29'),
(35, 3, 228, 1, '2018-04-25 00:00:00', '2025-04-25 00:00:00', 83, 34, 2, NULL, NULL, NULL, '2019-11-06 20:36:29', '2019-11-06 20:36:29'),
(36, 3, 51, 1, '2018-04-25 00:00:00', '2025-04-25 00:00:00', 78, 36, 2, NULL, NULL, NULL, '2019-11-06 20:36:29', '2019-11-06 20:36:29'),
(37, 3, 23, 1, '2018-04-25 00:00:00', '2025-04-25 00:00:00', 39, 37, 2, NULL, NULL, NULL, '2019-11-06 20:36:29', '2019-11-06 20:36:29'),
(38, 3, 33, 1, '2018-04-25 00:00:00', '2025-04-25 00:00:00', 86, 38, 2, NULL, NULL, NULL, '2019-11-06 20:36:29', '2019-11-06 20:36:29'),
(39, 6, 21, 1, '2019-05-29 00:00:00', '2026-05-29 00:00:00', 41, 39, 2, NULL, NULL, NULL, '2019-11-06 20:38:20', '2019-11-06 20:38:20'),
(40, 5, 1, 1, '2019-09-09 00:00:00', '2026-09-09 00:00:00', 71, 40, 2, NULL, NULL, NULL, '2019-11-06 20:41:09', '2019-11-06 20:41:09'),
(41, 5, 11, 1, '2019-09-09 00:00:00', '2026-09-09 00:00:00', 66, 41, 2, NULL, NULL, NULL, '2019-11-06 20:41:09', '2019-11-06 20:41:09'),
(42, 5, 20, 1, '2019-09-09 00:00:00', '2026-09-09 00:00:00', 42, 42, 2, NULL, NULL, NULL, '2019-11-06 20:41:09', '2019-11-06 20:41:09'),
(43, 5, 228, 1, '2019-09-09 00:00:00', '2026-09-09 00:00:00', 83, 43, 2, NULL, NULL, NULL, '2019-11-06 20:41:09', '2019-11-06 20:41:09'),
(44, 5, 4, 1, '2019-09-09 00:00:00', '2026-09-09 00:00:00', 70, 44, 2, NULL, NULL, NULL, '2019-11-06 20:41:09', '2019-11-06 20:41:09'),
(45, 5, 50, 1, '2019-09-09 00:00:00', '2026-09-09 00:00:00', 79, 46, 2, NULL, NULL, NULL, '2019-11-06 20:41:09', '2019-11-06 20:41:09'),
(46, 5, 59, 1, '2019-09-09 00:00:00', '2026-09-09 00:00:00', 48, 45, 2, NULL, NULL, NULL, '2019-11-06 20:41:09', '2019-11-06 20:41:09'),
(47, 5, 77, 1, '2019-09-09 00:00:00', '2026-09-09 00:00:00', 18, 47, 2, NULL, NULL, NULL, '2019-11-06 20:41:09', '2019-11-06 20:41:09');

-- --------------------------------------------------------

--
-- Table structure for table `items`
--

CREATE TABLE `items` (
  `item_id` int(11) NOT NULL,
  `_description` varchar(30) NOT NULL,
  `gender_id` int(11) DEFAULT NULL,
  `category_id` int(11) NOT NULL DEFAULT '4',
  `group_id` int(11) DEFAULT NULL,
  `type_id` int(11) DEFAULT NULL,
  `subtype_id` int(11) DEFAULT NULL,
  `_size_text` varchar(45) NOT NULL DEFAULT 'Size',
  `createdAt` datetime NOT NULL,
  `updatedAt` datetime NOT NULL
) ENGINE=InnoDB DEFAULT CHARSET=utf8mb4;

--
-- Dumping data for table `items`
--

INSERT INTO `items` (`item_id`, `_description`, `gender_id`, `category_id`, `group_id`, `type_id`, `subtype_id`, `_size_text`, `createdAt`, `updatedAt`) VALUES
(1, 'Belt, Waist', 4, 1, 1, 1, 2, 'Min/Max', '0000-00-00 00:00:00', '2019-10-18 21:10:46'),
(2, 'Beret', 4, 1, 3, 2, 43, 'Head', '0000-00-00 00:00:00', '0000-00-00 00:00:00'),
(3, 'Coveralls', 4, 1, 3, 18, 32, 'Height/Chest', '0000-00-00 00:00:00', '2019-10-13 15:56:18'),
(4, 'Tie', 4, 1, 1, 1, 1, 'Size', '0000-00-00 00:00:00', '0000-00-00 00:00:00'),
(5, 'Brassard', 4, 1, 1, 1, 15, 'Size', '0000-00-00 00:00:00', '0000-00-00 00:00:00'),
(6, 'Jumper, Utility', 4, 1, 1, 7, NULL, 'Chest', '0000-00-00 00:00:00', '0000-00-00 00:00:00'),
(7, 'Skirt', 2, 1, 1, 6, NULL, 'Length/Waist/Hips', '0000-00-00 00:00:00', '0000-00-00 00:00:00'),
(8, 'Trousers, Mans', 1, 1, 1, 8, NULL, 'Leg/Waist/Seat', '0000-00-00 00:00:00', '0000-00-00 00:00:00'),
(10, 'Slacks', 2, 1, 1, 16, NULL, 'Leg/Waist/Hips', '0000-00-00 00:00:00', '0000-00-00 00:00:00'),
(11, 'Smock, S95', 4, 1, 2, 11, 11, 'Height/Chest', '0000-00-00 00:00:00', '0000-00-00 00:00:00'),
(13, 'Shirt, Light Blue, Female', 2, 1, 1, 5, 3, 'Collar/Bust', '0000-00-00 00:00:00', '0000-00-00 00:00:00'),
(14, 'Shirt, Light Blue, Male', 1, 1, 1, 5, 3, 'Collar', '0000-00-00 00:00:00', '0000-00-00 00:00:00'),
(15, 'Shirt, Working Blue', 4, 1, 1, 5, 4, 'Collar', '0000-00-00 00:00:00', '2019-10-17 18:23:04'),
(16, 'Jacket, Foul Weather', 4, 1, 1, 9, NULL, 'Height/Chest', '0000-00-00 00:00:00', '0000-00-00 00:00:00'),
(17, 'Belt, Buckle, Male', 4, 1, 2, 17, NULL, 'Size', '0000-00-00 00:00:00', '0000-00-00 00:00:00'),
(18, 'Belt, Buckle, Female', 4, 1, 2, 17, NULL, 'Size', '0000-00-00 00:00:00', '0000-00-00 00:00:00'),
(19, 'Belt, Buckle, Retainer', 4, 1, 2, 17, NULL, 'Size', '0000-00-00 00:00:00', '0000-00-00 00:00:00'),
(20, 'Belt, Green', 4, 1, 2, 17, NULL, 'Size', '0000-00-00 00:00:00', '0000-00-00 00:00:00'),
(21, 'Hi-Vis, Yellow', 4, 2, 5, 22, NULL, 'Size', '0000-00-00 00:00:00', '0000-00-00 00:00:00'),
(22, 'Shirt, Working Blue, Female', 2, 1, 1, 5, 4, 'Size', '0000-00-00 00:00:00', '0000-00-00 00:00:00'),
(23, 'Trousers, PCS', 4, 1, 2, 10, 5, 'Size', '0000-00-00 00:00:00', '2019-10-18 22:20:42'),
(24, 'Jacket, PCS', 4, 1, 2, 10, 6, 'Size', '0000-00-00 00:00:00', '2019-10-18 22:25:13'),
(25, 'Smock, PCS', 4, 1, 2, 10, 7, 'Size', '0000-00-00 00:00:00', '2019-10-18 22:21:18'),
(26, 'Trousers, S95', NULL, 19, NULL, NULL, NULL, 'Size', '0000-00-00 00:00:00', '0000-00-00 00:00:00'),
(27, 'Jacket, S95', NULL, 19, NULL, NULL, NULL, 'Size', '0000-00-00 00:00:00', '0000-00-00 00:00:00'),
(28, 'Parade Shoes, Male', 1, 1, 1, 4, 0, 'Size', '0000-00-00 00:00:00', '2019-10-28 11:18:09'),
(29, 'Parade Shoes, Female', 2, 1, 1, 4, 0, 'Size', '0000-00-00 00:00:00', '2019-10-28 11:18:30'),
(30, 'Webbing', NULL, 4, NULL, NULL, NULL, 'Size', '0000-00-00 00:00:00', '0000-00-00 00:00:00');

-- --------------------------------------------------------

--
-- Table structure for table `item_locations`
--

CREATE TABLE `item_locations` (
  `location_id` int(11) NOT NULL,
  `stock_id` int(11) NOT NULL,
  `_location` varchar(10) NOT NULL,
  `_qty` int(11) NOT NULL DEFAULT '0',
  `createdAt` datetime NOT NULL,
  `updatedAt` datetime NOT NULL
) ENGINE=InnoDB DEFAULT CHARSET=utf8mb4;

--
-- Dumping data for table `item_locations`
--

INSERT INTO `item_locations` (`location_id`, `stock_id`, `_location`, `_qty`, `createdAt`, `updatedAt`) VALUES
(4, 104, 'A2', 1, '2019-10-30 17:44:02', '2019-10-30 17:44:02'),
(5, 100, 'A2', 1, '2019-10-30 17:44:38', '2019-10-30 17:44:38'),
(6, 99, 'A2', 1, '2019-10-30 17:45:08', '2019-10-30 17:45:08'),
(7, 94, 'A2', 1, '2019-10-30 17:48:36', '2019-10-30 17:48:36'),
(8, 92, 'A2', 1, '2019-10-30 17:49:18', '2019-10-30 17:49:18'),
(9, 91, 'A2', 2, '2019-10-30 17:49:52', '2019-10-30 17:49:52'),
(10, 90, 'A2', 1, '2019-10-30 17:50:31', '2019-10-30 17:50:31'),
(11, 88, 'A2', 1, '2019-10-30 17:50:53', '2019-10-30 17:50:53'),
(12, 85, 'A2', 3, '2019-10-30 17:52:49', '2019-10-30 17:52:49'),
(13, 83, 'A2', 3, '2019-10-30 17:53:46', '2019-10-30 17:53:46'),
(14, 82, 'A2', 1, '2019-10-30 17:54:17', '2019-10-30 17:54:17'),
(15, 81, 'A2', 1, '2019-10-30 17:54:42', '2019-10-30 17:54:42'),
(16, 79, 'A2', 1, '2019-10-30 17:56:01', '2019-10-30 17:56:01'),
(17, 78, 'A2', 1, '2019-10-30 17:56:24', '2019-10-30 17:56:24'),
(18, 77, 'A2', 2, '2019-10-30 17:57:03', '2019-11-06 20:41:09'),
(19, 76, 'A2', 3, '2019-10-30 17:57:40', '2019-10-30 17:57:40'),
(20, 167, 'B2', 1, '2019-10-30 18:04:17', '2019-10-30 18:04:17'),
(21, 158, 'B2', 1, '2019-10-30 18:06:20', '2019-10-30 18:06:20'),
(22, 157, 'B2', 1, '2019-10-30 18:07:06', '2019-10-30 18:07:06'),
(23, 156, 'B2', 1, '2019-10-30 18:07:39', '2019-10-30 18:07:39'),
(24, 155, 'B2', 2, '2019-10-30 18:08:16', '2019-10-30 18:08:16'),
(25, 152, 'B2', 1, '2019-10-30 18:08:49', '2019-10-30 18:08:49'),
(26, 151, 'B2', 1, '2019-10-30 18:09:43', '2019-10-30 18:09:43'),
(27, 150, 'B2', 1, '2019-10-30 18:10:07', '2019-10-30 18:10:07'),
(28, 148, 'B2', 4, '2019-10-30 18:14:49', '2019-10-30 18:14:49'),
(29, 139, 'B2', 2, '2019-10-30 18:22:03', '2019-10-30 18:22:03'),
(30, 135, 'B2', 1, '2019-10-30 18:22:35', '2019-10-30 18:22:35'),
(31, 134, 'B2', 1, '2019-10-30 18:22:55', '2019-10-30 20:12:02'),
(32, 133, 'B2', 1, '2019-10-30 18:23:18', '2019-10-30 18:23:18'),
(33, 131, 'B2', 1, '2019-10-30 18:24:32', '2019-10-30 18:24:32'),
(34, 130, 'B2', 2, '2019-10-30 18:25:28', '2019-10-30 18:25:28'),
(35, 128, 'B2', 5, '2019-10-30 18:26:50', '2019-10-30 18:26:50'),
(37, 26, 'B3', 2, '2019-10-30 18:47:51', '2019-10-30 18:47:51'),
(38, 25, 'B3', 4, '2019-10-30 18:48:37', '2019-10-30 18:48:37'),
(39, 23, 'B3', 3, '2019-10-30 18:51:32', '2019-11-06 20:36:30'),
(40, 22, 'B3', 4, '2019-10-30 18:54:19', '2019-10-30 18:54:19'),
(41, 21, 'B3', 3, '2019-10-30 18:56:03', '2019-11-06 20:38:20'),
(42, 20, 'B3', 0, '2019-10-30 18:57:27', '2019-11-06 20:41:09'),
(43, 70, 'A4', 1, '2019-10-30 19:00:48', '2019-10-30 19:00:48'),
(45, 62, 'A4', 1, '2019-10-30 19:03:24', '2019-10-30 19:03:24'),
(46, 61, 'A4', 7, '2019-10-30 19:08:37', '2019-10-30 19:08:37'),
(47, 60, 'A4', 2, '2019-10-30 19:12:42', '2019-10-30 19:12:42'),
(48, 59, 'A4', 1, '2019-10-30 19:13:16', '2019-11-06 20:41:09'),
(49, 57, 'A4', 2, '2019-10-30 19:14:54', '2019-10-30 19:14:54'),
(50, 56, 'A4', 2, '2019-10-30 19:16:01', '2019-10-30 19:16:01'),
(51, 122, 'B4', 1, '2019-10-30 19:20:08', '2019-10-30 19:20:08'),
(52, 120, 'B4', 1, '2019-10-30 19:20:28', '2019-10-30 19:20:28'),
(53, 117, 'B4', 2, '2019-10-30 19:21:31', '2019-10-30 19:21:31'),
(54, 116, 'B4', 1, '2019-10-30 19:21:46', '2019-10-30 19:21:46'),
(55, 115, 'B4', 3, '2019-10-30 19:22:49', '2019-10-30 19:22:49'),
(56, 114, 'B4', 2, '2019-10-30 19:28:32', '2019-10-30 19:28:32'),
(57, 113, 'B4', 1, '2019-10-30 19:29:14', '2019-10-30 19:29:14'),
(58, 112, 'B4', 1, '2019-10-30 19:29:37', '2019-10-30 19:29:37'),
(59, 18, 'C4', 1, '2019-10-30 19:34:20', '2019-10-30 19:34:20'),
(60, 17, 'C4', 1, '2019-10-30 19:34:37', '2019-10-30 19:34:37'),
(61, 16, 'C4', 3, '2019-10-30 19:35:07', '2019-10-30 19:35:07'),
(62, 15, 'C4', 2, '2019-10-30 19:35:26', '2019-11-06 19:53:40'),
(63, 14, 'C4', 3, '2019-10-30 19:35:49', '2019-10-30 19:35:49'),
(64, 13, 'C4', 3, '2019-10-30 19:36:11', '2019-10-30 19:36:11'),
(65, 12, 'C4', 1, '2019-10-30 19:36:27', '2019-10-30 19:36:27'),
(66, 11, 'C4', 1, '2019-10-30 19:36:47', '2019-11-06 20:41:09'),
(67, 10, 'C4', 4, '2019-10-30 19:37:12', '2019-10-30 19:37:12'),
(68, 9, 'C4', 1, '2019-10-30 19:37:27', '2019-10-30 19:37:27'),
(69, 6, 'C4', 4, '2019-10-30 19:37:43', '2019-10-30 19:37:43'),
(70, 4, 'T7', 11, '2019-10-30 19:47:21', '2019-11-06 20:41:09'),
(71, 1, 'T8', 14, '2019-10-30 19:50:30', '2019-11-06 20:41:09'),
(72, 118, 'B4', -1, '2019-10-30 19:53:04', '2019-11-06 20:36:29'),
(73, 63, 'A4', 0, '2019-10-30 19:53:49', '2019-11-06 19:53:40'),
(74, 89, 'A2', -1, '2019-10-30 19:57:47', '2019-11-06 20:24:02'),
(75, 54, 'C5', 1, '2019-10-30 20:07:47', '2019-10-30 20:07:47'),
(76, 53, 'C5', 1, '2019-10-30 20:08:44', '2019-10-30 20:08:44'),
(77, 52, 'C5', 3, '2019-10-30 20:09:06', '2019-10-30 20:09:06'),
(78, 51, 'C5', 5, '2019-10-30 20:09:22', '2019-11-06 20:36:30'),
(79, 50, 'C5', 1, '2019-10-30 20:09:43', '2019-11-06 20:41:09'),
(80, 198, 'T6', 17, '2019-10-30 20:28:59', '2019-11-06 20:36:29'),
(81, 226, 'T1', 21, '2019-10-30 20:34:35', '2019-11-06 20:36:29'),
(82, 227, 'T1', 67, '2019-10-30 20:37:15', '2019-11-06 20:36:30'),
(83, 228, 'T4', 15, '2019-10-30 20:39:36', '2019-11-06 20:41:09'),
(84, 32, 'E4', -1, '2019-11-04 20:48:19', '2019-11-06 19:53:40'),
(85, 19, 'C4', -1, '2019-11-06 20:33:02', '2019-11-06 20:36:29'),
(86, 33, 'E4', -1, '2019-11-06 20:35:38', '2019-11-06 20:36:30');

-- --------------------------------------------------------

--
-- Table structure for table `item_nsns`
--

CREATE TABLE `item_nsns` (
  `nsn_id` int(11) NOT NULL,
  `stock_id` int(11) NOT NULL,
  `_nsn` varchar(20) NOT NULL,
  `_default` tinyint(4) NOT NULL DEFAULT '0',
  `createdAt` datetime NOT NULL,
  `updatedAt` datetime NOT NULL
) ENGINE=InnoDB DEFAULT CHARSET=utf8mb4;

--
-- Dumping data for table `item_nsns`
--

INSERT INTO `item_nsns` (`nsn_id`, `stock_id`, `_nsn`, `_default`, `createdAt`, `updatedAt`) VALUES
(1, 1, '8440-99-1270973', 1, '0000-00-00 00:00:00', '0000-00-00 00:00:00'),
(2, 2, '8440-99-4712784', 0, '0000-00-00 00:00:00', '0000-00-00 00:00:00'),
(3, 3, '8440-99-1301832', 0, '0000-00-00 00:00:00', '0000-00-00 00:00:00'),
(4, 4, '8440-99-2193037', 0, '0000-00-00 00:00:00', '0000-00-00 00:00:00'),
(5, 5, '8405-99-1278122', 0, '0000-00-00 00:00:00', '0000-00-00 00:00:00'),
(6, 6, '8405-99-1278123', 0, '0000-00-00 00:00:00', '0000-00-00 00:00:00'),
(7, 7, '8405-99-1278124', 0, '0000-00-00 00:00:00', '0000-00-00 00:00:00'),
(8, 8, '8405-99-1278125', 0, '0000-00-00 00:00:00', '0000-00-00 00:00:00'),
(9, 9, '8405-99-1278126', 0, '0000-00-00 00:00:00', '0000-00-00 00:00:00'),
(10, 10, '8405-99-1278127', 0, '0000-00-00 00:00:00', '0000-00-00 00:00:00'),
(11, 11, '8405-99-1278128', 0, '0000-00-00 00:00:00', '0000-00-00 00:00:00'),
(12, 12, '8405-99-1278129', 0, '0000-00-00 00:00:00', '0000-00-00 00:00:00'),
(13, 13, '8405-99-1278130', 0, '0000-00-00 00:00:00', '0000-00-00 00:00:00'),
(14, 14, '8405-99-1278131', 0, '0000-00-00 00:00:00', '0000-00-00 00:00:00'),
(15, 15, '8405-99-1278132', 0, '0000-00-00 00:00:00', '0000-00-00 00:00:00'),
(16, 16, '8405-99-1278133', 0, '0000-00-00 00:00:00', '0000-00-00 00:00:00'),
(17, 17, '8405-99-1278134', 0, '0000-00-00 00:00:00', '0000-00-00 00:00:00'),
(18, 18, '8405-99-1278135', 0, '0000-00-00 00:00:00', '0000-00-00 00:00:00'),
(19, 19, '8405-99-1278136', 0, '0000-00-00 00:00:00', '0000-00-00 00:00:00'),
(20, 20, '8405-99-7485128', 1, '0000-00-00 00:00:00', '0000-00-00 00:00:00'),
(21, 21, '8405-99-7485129', 0, '0000-00-00 00:00:00', '0000-00-00 00:00:00'),
(22, 22, '8405-99-7485130', 0, '0000-00-00 00:00:00', '0000-00-00 00:00:00'),
(23, 23, '8405-99-7485131', 0, '0000-00-00 00:00:00', '0000-00-00 00:00:00'),
(24, 24, '8405-99-7485132', 0, '0000-00-00 00:00:00', '0000-00-00 00:00:00'),
(25, 25, '8405-99-7485133', 0, '0000-00-00 00:00:00', '0000-00-00 00:00:00'),
(26, 26, '8405-99-7485134', 0, '0000-00-00 00:00:00', '0000-00-00 00:00:00'),
(27, 27, '8405-99-7485135', 0, '0000-00-00 00:00:00', '0000-00-00 00:00:00'),
(28, 28, '8405-99-7485136', 0, '0000-00-00 00:00:00', '0000-00-00 00:00:00'),
(29, 29, '8405-99-7485137', 0, '0000-00-00 00:00:00', '0000-00-00 00:00:00'),
(30, 30, '8405-99-7485138', 0, '0000-00-00 00:00:00', '0000-00-00 00:00:00'),
(31, 31, '8415-99-9787280', 0, '0000-00-00 00:00:00', '0000-00-00 00:00:00'),
(32, 32, '8415-99-9787588', 0, '0000-00-00 00:00:00', '0000-00-00 00:00:00'),
(33, 33, '8415-99-9787589', 0, '0000-00-00 00:00:00', '0000-00-00 00:00:00'),
(34, 34, '8415-99-9787590', 0, '0000-00-00 00:00:00', '0000-00-00 00:00:00'),
(35, 35, '8415-99-9787591', 0, '0000-00-00 00:00:00', '0000-00-00 00:00:00'),
(36, 36, '8415-99-9787592', 0, '0000-00-00 00:00:00', '0000-00-00 00:00:00'),
(37, 37, '8415-99-9787593', 0, '0000-00-00 00:00:00', '0000-00-00 00:00:00'),
(38, 38, '8415-99-9787594', 0, '0000-00-00 00:00:00', '0000-00-00 00:00:00'),
(39, 39, '8405-99-1301160', 0, '0000-00-00 00:00:00', '0000-00-00 00:00:00'),
(40, 40, '8405-99-1301161', 0, '0000-00-00 00:00:00', '0000-00-00 00:00:00'),
(41, 41, '8405-99-1301162', 0, '0000-00-00 00:00:00', '0000-00-00 00:00:00'),
(42, 42, '8405-99-1301163', 0, '0000-00-00 00:00:00', '0000-00-00 00:00:00'),
(43, 43, '8405-99-1301164', 0, '0000-00-00 00:00:00', '0000-00-00 00:00:00'),
(44, 44, '8405-99-1301165', 0, '0000-00-00 00:00:00', '0000-00-00 00:00:00'),
(45, 45, '8405-99-1301166', 0, '0000-00-00 00:00:00', '0000-00-00 00:00:00'),
(46, 46, '8405-99-1301167', 0, '0000-00-00 00:00:00', '0000-00-00 00:00:00'),
(47, 47, '8405-99-1301168', 0, '0000-00-00 00:00:00', '0000-00-00 00:00:00'),
(48, 48, '8405-99-1301169', 0, '0000-00-00 00:00:00', '0000-00-00 00:00:00'),
(49, 49, '8405-99-9785971', 0, '0000-00-00 00:00:00', '0000-00-00 00:00:00'),
(50, 50, '8405-99-9785972', 0, '0000-00-00 00:00:00', '0000-00-00 00:00:00'),
(51, 51, '8405-99-9785973', 0, '0000-00-00 00:00:00', '0000-00-00 00:00:00'),
(52, 52, '8405-99-9785974', 0, '0000-00-00 00:00:00', '0000-00-00 00:00:00'),
(53, 53, '8405-99-9785975', 0, '0000-00-00 00:00:00', '0000-00-00 00:00:00'),
(54, 54, '8405-99-9785976', 0, '0000-00-00 00:00:00', '0000-00-00 00:00:00'),
(55, 55, '8405-99-9785977', 0, '0000-00-00 00:00:00', '0000-00-00 00:00:00'),
(56, 56, '8405-99-8696028', 0, '0000-00-00 00:00:00', '0000-00-00 00:00:00'),
(57, 57, '8405-99-8696029', 0, '0000-00-00 00:00:00', '0000-00-00 00:00:00'),
(58, 58, '8405-99-8696030', 0, '0000-00-00 00:00:00', '0000-00-00 00:00:00'),
(59, 59, '8405-99-8696031', 0, '0000-00-00 00:00:00', '0000-00-00 00:00:00'),
(60, 60, '8405-99-8696032', 0, '0000-00-00 00:00:00', '0000-00-00 00:00:00'),
(61, 61, '8405-99-8696033', 0, '0000-00-00 00:00:00', '0000-00-00 00:00:00'),
(62, 62, '8405-99-8696034', 0, '0000-00-00 00:00:00', '0000-00-00 00:00:00'),
(63, 63, '8405-99-8696035', 0, '0000-00-00 00:00:00', '0000-00-00 00:00:00'),
(64, 64, '8405-99-8696036', 0, '0000-00-00 00:00:00', '0000-00-00 00:00:00'),
(65, 65, '8405-99-8696037', 0, '0000-00-00 00:00:00', '0000-00-00 00:00:00'),
(66, 66, '8405-99-8696038', 0, '0000-00-00 00:00:00', '0000-00-00 00:00:00'),
(67, 67, '8405-99-8696039', 0, '0000-00-00 00:00:00', '0000-00-00 00:00:00'),
(68, 68, '8405-99-8696040', 0, '0000-00-00 00:00:00', '0000-00-00 00:00:00'),
(69, 69, '8405-99-8696041', 0, '0000-00-00 00:00:00', '0000-00-00 00:00:00'),
(70, 70, '8405-99-8696042', 0, '0000-00-00 00:00:00', '0000-00-00 00:00:00'),
(71, 71, '8405-99-8696043', 0, '0000-00-00 00:00:00', '0000-00-00 00:00:00'),
(72, 72, '8405-99-8696044', 0, '0000-00-00 00:00:00', '0000-00-00 00:00:00'),
(73, 73, '8405-99-8696045', 0, '0000-00-00 00:00:00', '0000-00-00 00:00:00'),
(74, 74, '8405-99-2691039', 0, '0000-00-00 00:00:00', '0000-00-00 00:00:00'),
(75, 75, '8405-99-2691040', 0, '0000-00-00 00:00:00', '0000-00-00 00:00:00'),
(76, 76, '8405-99-2691041', 0, '0000-00-00 00:00:00', '0000-00-00 00:00:00'),
(77, 77, '8405-99-2691042', 0, '0000-00-00 00:00:00', '0000-00-00 00:00:00'),
(78, 78, '8405-99-2691043', 0, '0000-00-00 00:00:00', '0000-00-00 00:00:00'),
(79, 79, '8405-99-2691044', 0, '0000-00-00 00:00:00', '0000-00-00 00:00:00'),
(80, 80, '8405-99-2691045', 0, '0000-00-00 00:00:00', '0000-00-00 00:00:00'),
(81, 81, '8405-99-2691046', 0, '0000-00-00 00:00:00', '0000-00-00 00:00:00'),
(82, 82, '8405-99-2691047', 0, '0000-00-00 00:00:00', '0000-00-00 00:00:00'),
(83, 83, '8405-99-2691048', 0, '0000-00-00 00:00:00', '0000-00-00 00:00:00'),
(84, 84, '8405-99-2691049', 0, '0000-00-00 00:00:00', '0000-00-00 00:00:00'),
(85, 85, '8405-99-2691050', 0, '0000-00-00 00:00:00', '0000-00-00 00:00:00'),
(86, 86, '8405-99-2691051', 0, '0000-00-00 00:00:00', '0000-00-00 00:00:00'),
(87, 87, '8405-99-2691052', 0, '0000-00-00 00:00:00', '0000-00-00 00:00:00'),
(88, 88, '8405-99-2691053', 0, '0000-00-00 00:00:00', '0000-00-00 00:00:00'),
(89, 89, '8405-99-2691054', 0, '0000-00-00 00:00:00', '0000-00-00 00:00:00'),
(90, 90, '8405-99-2691055', 0, '0000-00-00 00:00:00', '0000-00-00 00:00:00'),
(91, 91, '8405-99-2691056', 0, '0000-00-00 00:00:00', '0000-00-00 00:00:00'),
(92, 92, '8405-99-2691057', 0, '0000-00-00 00:00:00', '0000-00-00 00:00:00'),
(93, 93, '8405-99-2691058', 0, '0000-00-00 00:00:00', '0000-00-00 00:00:00'),
(94, 94, '8405-99-2691059', 0, '0000-00-00 00:00:00', '0000-00-00 00:00:00'),
(95, 95, '8405-99-2691060', 0, '0000-00-00 00:00:00', '0000-00-00 00:00:00'),
(96, 96, '8405-99-2691061', 0, '0000-00-00 00:00:00', '0000-00-00 00:00:00'),
(97, 97, '8405-99-2691062', 0, '0000-00-00 00:00:00', '0000-00-00 00:00:00'),
(98, 98, '8405-99-2691063', 0, '0000-00-00 00:00:00', '0000-00-00 00:00:00'),
(99, 99, '8405-99-2691064', 0, '0000-00-00 00:00:00', '0000-00-00 00:00:00'),
(100, 100, '8405-99-2691065', 0, '0000-00-00 00:00:00', '0000-00-00 00:00:00'),
(101, 101, '8405-99-2691066', 0, '0000-00-00 00:00:00', '0000-00-00 00:00:00'),
(102, 102, '8405-99-2691067', 0, '0000-00-00 00:00:00', '0000-00-00 00:00:00'),
(103, 103, '8405-99-2691068', 0, '0000-00-00 00:00:00', '0000-00-00 00:00:00'),
(104, 104, '8405-99-2691069', 0, '0000-00-00 00:00:00', '0000-00-00 00:00:00'),
(105, 105, '8410-99-8696669', 0, '0000-00-00 00:00:00', '0000-00-00 00:00:00'),
(106, 106, '8410-99-8696670', 0, '0000-00-00 00:00:00', '0000-00-00 00:00:00'),
(107, 107, '8410-99-8696671', 0, '0000-00-00 00:00:00', '0000-00-00 00:00:00'),
(108, 108, '8410-99-8696672', 0, '0000-00-00 00:00:00', '0000-00-00 00:00:00'),
(109, 109, '8410-99-8696673', 0, '0000-00-00 00:00:00', '0000-00-00 00:00:00'),
(110, 110, '8410-99-8696674', 0, '0000-00-00 00:00:00', '0000-00-00 00:00:00'),
(111, 111, '8410-99-8696675', 0, '0000-00-00 00:00:00', '0000-00-00 00:00:00'),
(112, 112, '8410-99-8695660', 0, '0000-00-00 00:00:00', '0000-00-00 00:00:00'),
(113, 113, '8410-99-8695661', 0, '0000-00-00 00:00:00', '0000-00-00 00:00:00'),
(114, 114, '8410-99-8695662', 0, '0000-00-00 00:00:00', '0000-00-00 00:00:00'),
(115, 115, '8410-99-8695663', 0, '0000-00-00 00:00:00', '0000-00-00 00:00:00'),
(116, 116, '8410-99-8695664', 0, '0000-00-00 00:00:00', '0000-00-00 00:00:00'),
(117, 117, '8410-99-8695665', 0, '0000-00-00 00:00:00', '0000-00-00 00:00:00'),
(118, 118, '8410-99-8695666', 0, '0000-00-00 00:00:00', '0000-00-00 00:00:00'),
(119, 119, '8410-99-8695667', 0, '0000-00-00 00:00:00', '0000-00-00 00:00:00'),
(120, 120, '8410-99-8695668', 0, '0000-00-00 00:00:00', '0000-00-00 00:00:00'),
(121, 121, '8410-99-8695669', 0, '0000-00-00 00:00:00', '0000-00-00 00:00:00'),
(122, 122, '8410-99-8695670', 0, '0000-00-00 00:00:00', '0000-00-00 00:00:00'),
(123, 123, '8410-99-8695671', 0, '0000-00-00 00:00:00', '0000-00-00 00:00:00'),
(124, 124, '8410-99-8695672', 0, '0000-00-00 00:00:00', '0000-00-00 00:00:00'),
(125, 125, '8410-99-8695673', 0, '0000-00-00 00:00:00', '0000-00-00 00:00:00'),
(126, 126, '8410-99-8695674', 0, '0000-00-00 00:00:00', '0000-00-00 00:00:00'),
(127, 127, '8410-99-8695675', 0, '0000-00-00 00:00:00', '0000-00-00 00:00:00'),
(128, 20, '8405-99-2124015', 0, '0000-00-00 00:00:00', '0000-00-00 00:00:00'),
(129, 21, '8405-99-2124016', 0, '0000-00-00 00:00:00', '0000-00-00 00:00:00'),
(130, 22, '8405-99-2124017', 0, '0000-00-00 00:00:00', '0000-00-00 00:00:00'),
(131, 23, '8405-99-2124018', 0, '0000-00-00 00:00:00', '0000-00-00 00:00:00'),
(132, 24, '8405-99-2124019', 0, '0000-00-00 00:00:00', '0000-00-00 00:00:00'),
(133, 25, '8405-99-2124020', 0, '0000-00-00 00:00:00', '0000-00-00 00:00:00'),
(134, 26, '8405-99-2124021', 0, '0000-00-00 00:00:00', '0000-00-00 00:00:00'),
(135, 27, '8405-99-2124022', 0, '0000-00-00 00:00:00', '0000-00-00 00:00:00'),
(136, 28, '8405-99-6027375', 0, '0000-00-00 00:00:00', '0000-00-00 00:00:00'),
(137, 29, '8405-99-6027376', 0, '0000-00-00 00:00:00', '0000-00-00 00:00:00'),
(138, 30, '8405-99-6027377', 0, '0000-00-00 00:00:00', '0000-00-00 00:00:00'),
(139, 128, '8410-99-9830772', 0, '0000-00-00 00:00:00', '0000-00-00 00:00:00'),
(140, 128, '8410-99-2278814', 0, '0000-00-00 00:00:00', '0000-00-00 00:00:00'),
(141, 130, '8410-99-9830773', 0, '0000-00-00 00:00:00', '0000-00-00 00:00:00'),
(142, 130, '8410-99-2278815', 0, '0000-00-00 00:00:00', '0000-00-00 00:00:00'),
(143, 131, '8410-99-2278816', 0, '0000-00-00 00:00:00', '0000-00-00 00:00:00'),
(144, 131, '8410-99-9830774', 0, '0000-00-00 00:00:00', '0000-00-00 00:00:00'),
(145, 133, '8410-99-2278817', 0, '0000-00-00 00:00:00', '0000-00-00 00:00:00'),
(146, 133, '8410-99-9830775', 0, '0000-00-00 00:00:00', '0000-00-00 00:00:00'),
(147, 134, '8410-99-2278818', 0, '0000-00-00 00:00:00', '0000-00-00 00:00:00'),
(148, 134, '8410-99-9830776', 0, '0000-00-00 00:00:00', '0000-00-00 00:00:00'),
(149, 135, '8410-99-2278819', 0, '0000-00-00 00:00:00', '0000-00-00 00:00:00'),
(150, 136, '8410-99-9830777', 0, '0000-00-00 00:00:00', '0000-00-00 00:00:00'),
(151, 137, '8410-99-2278820', 0, '0000-00-00 00:00:00', '0000-00-00 00:00:00'),
(152, 138, '8410-99-9830778', 0, '0000-00-00 00:00:00', '0000-00-00 00:00:00'),
(153, 139, '8410-99-2278821', 0, '0000-00-00 00:00:00', '0000-00-00 00:00:00'),
(154, 139, '8410-99-8471053', 0, '0000-00-00 00:00:00', '0000-00-00 00:00:00'),
(155, 141, '8410-99-2278822', 0, '0000-00-00 00:00:00', '0000-00-00 00:00:00'),
(156, 142, '8410-99-8471054', 0, '0000-00-00 00:00:00', '0000-00-00 00:00:00'),
(157, 145, '8410-99-2278823', 0, '0000-00-00 00:00:00', '0000-00-00 00:00:00'),
(158, 145, '8410-99-9830779', 0, '0000-00-00 00:00:00', '0000-00-00 00:00:00'),
(159, 146, '8410-99-9830780', 0, '0000-00-00 00:00:00', '0000-00-00 00:00:00'),
(160, 147, '8410-99-2278824', 0, '0000-00-00 00:00:00', '0000-00-00 00:00:00'),
(161, 148, '8410-99-2278825', 0, '0000-00-00 00:00:00', '0000-00-00 00:00:00'),
(162, 148, '8410-99-9830781', 0, '0000-00-00 00:00:00', '0000-00-00 00:00:00'),
(163, 150, '8410-99-2278826', 0, '0000-00-00 00:00:00', '0000-00-00 00:00:00'),
(164, 151, '8410-99-9830783', 0, '0000-00-00 00:00:00', '0000-00-00 00:00:00'),
(165, 152, '8410-99-2278828', 0, '0000-00-00 00:00:00', '0000-00-00 00:00:00'),
(166, 153, '8410-99-9830784', 0, '0000-00-00 00:00:00', '0000-00-00 00:00:00'),
(167, 154, '8410-99-2278829', 0, '0000-00-00 00:00:00', '0000-00-00 00:00:00'),
(168, 155, '8410-99-9830785', 0, '0000-00-00 00:00:00', '0000-00-00 00:00:00'),
(169, 156, '8410-99-2278830', 0, '0000-00-00 00:00:00', '0000-00-00 00:00:00'),
(170, 157, '8410-99-9830786', 0, '0000-00-00 00:00:00', '0000-00-00 00:00:00'),
(171, 158, '8410-99-2278831', 0, '0000-00-00 00:00:00', '0000-00-00 00:00:00'),
(172, 159, '8410-99-8471055', 0, '0000-00-00 00:00:00', '0000-00-00 00:00:00'),
(173, 160, '8410-99-2278834', 0, '0000-00-00 00:00:00', '0000-00-00 00:00:00'),
(174, 160, '8410-99-9830787', 0, '0000-00-00 00:00:00', '0000-00-00 00:00:00'),
(175, 161, '8410-99-2278835', 0, '0000-00-00 00:00:00', '0000-00-00 00:00:00'),
(176, 161, '8410-99-9830788', 0, '0000-00-00 00:00:00', '0000-00-00 00:00:00'),
(177, 162, '8410-99-2278836', 0, '0000-00-00 00:00:00', '0000-00-00 00:00:00'),
(178, 162, '8410-99-9830789', 0, '0000-00-00 00:00:00', '0000-00-00 00:00:00'),
(179, 163, '8410-99-2278837', 0, '0000-00-00 00:00:00', '0000-00-00 00:00:00'),
(180, 163, '8410-99-9830790', 0, '0000-00-00 00:00:00', '0000-00-00 00:00:00'),
(181, 164, '8410-99-2278838', 0, '0000-00-00 00:00:00', '0000-00-00 00:00:00'),
(182, 165, '8410-99-9830791', 0, '0000-00-00 00:00:00', '0000-00-00 00:00:00'),
(183, 166, '8410-99-2278839', 0, '0000-00-00 00:00:00', '0000-00-00 00:00:00'),
(184, 167, '8410-99-8471056', 0, '0000-00-00 00:00:00', '0000-00-00 00:00:00'),
(185, 167, '8410-99-2278840', 0, '0000-00-00 00:00:00', '0000-00-00 00:00:00'),
(186, 168, '8410-99-2278841', 0, '0000-00-00 00:00:00', '0000-00-00 00:00:00'),
(188, 170, '8410-99-2278842', 0, '0000-00-00 00:00:00', '0000-00-00 00:00:00'),
(189, 171, '8410-99-2278843', 0, '0000-00-00 00:00:00', '0000-00-00 00:00:00'),
(190, 172, '8410-99-5096895', 0, '0000-00-00 00:00:00', '0000-00-00 00:00:00'),
(191, 173, '8410-99-5096896', 0, '0000-00-00 00:00:00', '0000-00-00 00:00:00'),
(192, 174, '8410-99-5096897', 0, '0000-00-00 00:00:00', '0000-00-00 00:00:00'),
(193, 175, '8410-99-5096898', 0, '0000-00-00 00:00:00', '0000-00-00 00:00:00'),
(194, 176, '8410-99-5096899', 0, '0000-00-00 00:00:00', '0000-00-00 00:00:00'),
(195, 177, '8410-99-5096900', 0, '0000-00-00 00:00:00', '0000-00-00 00:00:00'),
(196, 178, '8410-99-5096901', 0, '0000-00-00 00:00:00', '0000-00-00 00:00:00'),
(197, 179, '8410-99-8471059', 0, '0000-00-00 00:00:00', '0000-00-00 00:00:00'),
(198, 180, '8410-99-8471060', 0, '0000-00-00 00:00:00', '0000-00-00 00:00:00'),
(199, 181, '8410-99-5096902', 0, '0000-00-00 00:00:00', '0000-00-00 00:00:00'),
(200, 182, '8410-99-5096903', 0, '0000-00-00 00:00:00', '0000-00-00 00:00:00'),
(201, 183, '8410-99-5096904', 0, '0000-00-00 00:00:00', '0000-00-00 00:00:00'),
(202, 184, '8410-99-5096905', 0, '0000-00-00 00:00:00', '0000-00-00 00:00:00'),
(203, 185, '8410-99-5096906', 0, '0000-00-00 00:00:00', '0000-00-00 00:00:00'),
(204, 186, '8410-99-5096907', 0, '0000-00-00 00:00:00', '0000-00-00 00:00:00'),
(205, 187, '8410-99-5096908', 0, '0000-00-00 00:00:00', '0000-00-00 00:00:00'),
(206, 188, '8410-99-5096909', 0, '0000-00-00 00:00:00', '0000-00-00 00:00:00'),
(207, 189, '8410-99-8471061', 0, '0000-00-00 00:00:00', '0000-00-00 00:00:00'),
(208, 190, '8410-99-5096910', 0, '0000-00-00 00:00:00', '0000-00-00 00:00:00'),
(209, 191, '8410-99-5096911', 0, '0000-00-00 00:00:00', '0000-00-00 00:00:00'),
(210, 192, '8410-99-5096912', 0, '0000-00-00 00:00:00', '0000-00-00 00:00:00'),
(211, 193, '8410-99-5096913', 0, '0000-00-00 00:00:00', '0000-00-00 00:00:00'),
(212, 194, '8410-99-5096914', 0, '0000-00-00 00:00:00', '0000-00-00 00:00:00'),
(213, 195, '8410-99-8471062', 0, '0000-00-00 00:00:00', '0000-00-00 00:00:00'),
(214, 196, '8410-99-8471063', 0, '0000-00-00 00:00:00', '0000-00-00 00:00:00'),
(215, 197, '8410-99-8471064', 0, '0000-00-00 00:00:00', '0000-00-00 00:00:00'),
(216, 218, '8415-99-667-4046', 0, '2019-10-19 09:55:28', '2019-10-19 09:55:28'),
(217, 218, '8415-99-317-8360', 0, '2019-10-19 09:55:46', '2019-10-19 09:55:46'),
(218, 218, '8415-99-255-6782', 0, '2019-10-19 09:56:04', '2019-10-19 09:56:04'),
(219, 219, '8415-99-597-0431', 0, '2019-10-19 09:56:34', '2019-10-19 09:56:34'),
(220, 219, '8415-99-317-8363', 0, '2019-10-19 09:56:46', '2019-10-19 09:56:46'),
(221, 223, '8415-99-317-8348', 0, '2019-10-19 09:57:12', '2019-10-19 09:57:12'),
(222, 223, '8415-99-317-8368', 0, '2019-10-19 09:57:37', '2019-10-19 09:57:37'),
(223, 223, '8415-99-667-4227', 0, '2019-10-19 09:57:50', '2019-10-19 09:57:50'),
(224, 221, '8415-99-317-8369', 0, '2019-10-19 09:58:11', '2019-10-19 09:58:11'),
(225, 221, '8415-99-667-4228', 0, '2019-10-19 09:58:25', '2019-10-19 09:58:25'),
(226, 220, '8415-99-317-8347', 0, '2019-10-19 09:58:58', '2019-10-19 09:58:58'),
(227, 220, '8415-99-317-8367', 0, '2019-10-19 09:59:14', '2019-10-19 09:59:14'),
(228, 224, '8415-99-317-8372', 0, '2019-10-19 09:59:43', '2019-10-19 09:59:43'),
(229, 224, '8415-99-317-8352', 0, '2019-10-19 09:59:52', '2019-10-19 09:59:52'),
(230, 224, '8415-99-667-4231', 0, '2019-10-19 10:00:03', '2019-10-19 10:00:03'),
(231, 222, '8415-99-255-6793', 0, '2019-10-19 10:00:29', '2019-10-19 10:00:29'),
(232, 222, '8415-99-317-8371', 0, '2019-10-19 10:00:41', '2019-10-19 10:00:41'),
(233, 206, '8415-99-317-8309', 0, '2019-10-19 10:03:33', '2019-10-19 10:03:33'),
(234, 207, '8415-99-317-8310', 0, '2019-10-19 10:03:49', '2019-10-19 10:03:49'),
(235, 208, '8415-99-317-8311', 0, '2019-10-19 10:04:07', '2019-10-19 10:04:07'),
(236, 211, '8415-99-317-8312', 0, '2019-10-19 10:04:28', '2019-10-19 10:04:28'),
(237, 209, '8415-99-317-8313', 0, '2019-10-19 10:04:48', '2019-10-19 10:04:48'),
(238, 209, '8415-99-317-8278', 0, '2019-10-19 10:04:58', '2019-10-19 10:04:58'),
(239, 209, '8415-99-667-4250', 0, '2019-10-19 10:05:09', '2019-10-19 10:05:09'),
(240, 212, '8415-99-317-8314', 0, '2019-10-19 10:05:41', '2019-10-19 10:05:41'),
(241, 210, '8415-99-317-8281', 0, '2019-10-19 10:05:58', '2019-10-19 10:05:58'),
(242, 210, '8415-99-317-8316', 0, '2019-10-19 10:06:10', '2019-10-19 10:06:10'),
(243, 215, '8415-99-317-8317', 0, '2019-10-19 10:06:30', '2019-10-19 10:06:30'),
(244, 213, '8415-99-317-8318', 0, '2019-10-19 10:06:51', '2019-10-19 10:06:51'),
(245, 213, '8415-99-317-8283', 0, '2019-10-19 10:07:01', '2019-10-19 10:07:01'),
(246, 214, '8415-99-317-8319', 0, '2019-10-19 10:07:24', '2019-10-19 10:07:24'),
(247, 216, '8415-99-317-8320', 0, '2019-10-19 10:07:40', '2019-10-19 10:07:40'),
(248, 216, '8415-99-317-8285', 0, '2019-10-19 10:07:50', '2019-10-19 10:07:50'),
(249, 216, '8415-99-667-4257', 0, '2019-10-19 10:08:01', '2019-10-19 10:08:01'),
(250, 217, '8415-99-317-8321', 0, '2019-10-19 10:08:25', '2019-10-19 10:08:25'),
(251, 217, '8415-99-667-4258', 0, '2019-10-19 10:08:33', '2019-10-19 10:08:33'),
(252, 203, '8415-99-317-8330', 0, '2019-10-19 10:08:56', '2019-10-19 10:08:56'),
(253, 205, '8415-99-317-8332', 0, '2019-10-19 10:09:14', '2019-10-19 10:09:14'),
(254, 199, '8415-99-317-8324', 0, '2019-10-19 10:09:35', '2019-10-19 10:09:35'),
(255, 200, '8415-99-317-8290', 0, '2019-10-19 10:09:54', '2019-10-19 10:09:54'),
(256, 201, '8415-99-317-8291', 0, '2019-10-19 10:10:09', '2019-10-19 10:10:09'),
(257, 202, '8415-99-317-8292', 0, '2019-10-19 10:10:26', '2019-10-19 10:10:26'),
(258, 202, '8415-99-667-4264', 0, '2019-10-19 10:10:38', '2019-10-19 10:10:38'),
(259, 204, '8415-99-317-8328', 0, '2019-10-19 10:10:54', '2019-10-19 10:10:54'),
(260, 204, '8415-99-317-8293', 0, '2019-10-19 10:11:06', '2019-10-19 10:11:06'),
(261, 167, '8410-99-8471057', 0, '2019-10-30 18:03:48', '2019-10-30 18:03:48'),
(263, 27, '8405-99-8692451', 0, '2019-10-30 18:42:57', '2019-10-30 18:42:57'),
(264, 25, '8405-99-8692449', 0, '2019-10-30 18:48:21', '2019-10-30 18:48:21'),
(265, 22, '8405-99-8692446', 0, '2019-10-30 18:53:55', '2019-10-30 18:53:55'),
(266, 198, '8455-99-1376123', 0, '2019-10-30 20:27:40', '2019-10-30 20:27:40'),
(267, 226, '8455-99-1376440', 0, '2019-10-30 20:34:52', '2019-10-30 20:34:52'),
(268, 228, '8455-99-1271767', 0, '2019-10-30 20:38:57', '2019-10-30 20:38:57'),
(269, 227, '18011', 0, '2019-11-04 20:45:48', '2019-11-04 20:45:48');

-- --------------------------------------------------------

--
-- Table structure for table `item_sizes`
--

CREATE TABLE `item_sizes` (
  `stock_id` int(11) NOT NULL,
  `item_id` int(11) NOT NULL,
  `size_id` int(11) NOT NULL,
  `_orderable` tinyint(4) NOT NULL DEFAULT '0',
  `_demand_page` varchar(20) DEFAULT NULL,
  `_demand_cell` varchar(3) DEFAULT NULL,
  `createdAt` datetime DEFAULT NULL,
  `updatedAt` datetime DEFAULT NULL,
  `supplier_id` int(11) DEFAULT NULL,
  `_ordering_details` varchar(1000) DEFAULT NULL
) ENGINE=InnoDB DEFAULT CHARSET=utf8mb4;

--
-- Dumping data for table `item_sizes`
--

INSERT INTO `item_sizes` (`stock_id`, `item_id`, `size_id`, `_orderable`, `_demand_page`, `_demand_cell`, `createdAt`, `updatedAt`, `supplier_id`, `_ordering_details`) VALUES
(1, 1, 1, 1, 'Items', 'M33', NULL, '2019-10-15 19:17:51', NULL, NULL),
(2, 1, 74, 0, 'Items', 'M33', NULL, '2019-10-28 21:59:45', NULL, NULL),
(3, 4, 192, 0, NULL, NULL, NULL, NULL, NULL, NULL),
(4, 4, 193, 1, NULL, NULL, NULL, NULL, NULL, NULL),
(5, 2, 3, 1, 'Items', 'M34', NULL, '2019-10-28 21:55:58', NULL, NULL),
(6, 2, 4, 1, 'Items', 'M34', NULL, '2019-10-28 21:55:58', NULL, NULL),
(7, 2, 5, 1, 'Items', 'M34', NULL, '2019-10-28 21:55:58', NULL, NULL),
(8, 2, 6, 1, 'Items', 'M34', NULL, '2019-10-28 21:55:58', NULL, NULL),
(9, 2, 7, 1, 'Items', 'M34', NULL, '2019-10-28 21:55:58', NULL, NULL),
(10, 2, 8, 1, 'Items', 'M34', NULL, '2019-10-28 21:55:58', NULL, NULL),
(11, 2, 9, 1, 'Items', 'M34', NULL, '2019-10-28 21:55:58', NULL, NULL),
(12, 2, 10, 1, 'Items', 'M34', NULL, '2019-10-28 21:55:58', NULL, NULL),
(13, 2, 11, 1, 'Items', 'M34', NULL, '2019-10-28 21:55:58', NULL, NULL),
(14, 2, 12, 1, 'Items', 'M34', NULL, '2019-10-28 21:55:58', NULL, NULL),
(15, 2, 13, 1, 'Items', 'M34', NULL, '2019-10-28 21:55:58', NULL, NULL),
(16, 2, 14, 1, 'Items', 'M34', NULL, '2019-10-28 21:55:58', NULL, NULL),
(17, 2, 15, 1, 'Items', 'M34', NULL, '2019-10-28 21:55:58', NULL, NULL),
(18, 2, 16, 1, 'Items', 'M34', NULL, '2019-10-28 21:55:58', NULL, NULL),
(19, 2, 17, 1, 'Items', 'M34', NULL, '2019-10-28 21:55:58', NULL, NULL),
(20, 6, 30, 0, NULL, NULL, NULL, NULL, NULL, NULL),
(21, 6, 31, 0, NULL, NULL, NULL, NULL, NULL, NULL),
(22, 6, 32, 0, NULL, NULL, NULL, NULL, NULL, NULL),
(23, 6, 33, 0, NULL, NULL, NULL, NULL, NULL, NULL),
(24, 6, 34, 0, NULL, NULL, NULL, NULL, NULL, NULL),
(25, 6, 35, 0, NULL, NULL, NULL, NULL, NULL, NULL),
(26, 6, 36, 0, NULL, NULL, NULL, NULL, NULL, NULL),
(27, 6, 37, 0, NULL, NULL, NULL, NULL, NULL, NULL),
(28, 6, 109, 0, NULL, NULL, NULL, NULL, NULL, NULL),
(29, 6, 110, 0, NULL, NULL, NULL, NULL, NULL, NULL),
(30, 6, 111, 0, NULL, NULL, NULL, NULL, NULL, NULL),
(31, 16, 75, 0, NULL, NULL, NULL, NULL, NULL, NULL),
(32, 16, 79, 0, NULL, NULL, NULL, NULL, NULL, NULL),
(33, 16, 80, 0, NULL, NULL, NULL, NULL, NULL, NULL),
(34, 16, 81, 0, NULL, NULL, NULL, NULL, NULL, NULL),
(35, 16, 82, 0, NULL, NULL, NULL, NULL, NULL, NULL),
(36, 16, 83, 0, NULL, NULL, NULL, NULL, NULL, NULL),
(37, 16, 84, 0, NULL, NULL, NULL, NULL, NULL, NULL),
(38, 16, 195, 0, NULL, NULL, NULL, NULL, NULL, NULL),
(39, 3, 18, 0, NULL, NULL, NULL, NULL, NULL, NULL),
(40, 3, 19, 0, NULL, NULL, NULL, NULL, NULL, NULL),
(41, 3, 20, 0, NULL, NULL, NULL, NULL, NULL, NULL),
(42, 3, 21, 0, NULL, NULL, NULL, NULL, NULL, NULL),
(43, 3, 22, 0, NULL, NULL, NULL, NULL, NULL, NULL),
(44, 3, 23, 0, NULL, NULL, NULL, NULL, NULL, NULL),
(45, 3, 24, 0, NULL, NULL, NULL, NULL, NULL, NULL),
(46, 3, 25, 0, NULL, NULL, NULL, NULL, NULL, NULL),
(47, 3, 26, 0, NULL, NULL, NULL, NULL, NULL, NULL),
(48, 3, 27, 0, NULL, NULL, NULL, NULL, NULL, NULL),
(49, 15, 146, 0, NULL, NULL, NULL, NULL, NULL, NULL),
(50, 15, 160, 0, NULL, NULL, NULL, NULL, NULL, NULL),
(51, 15, 161, 0, NULL, NULL, NULL, NULL, NULL, NULL),
(52, 15, 162, 0, NULL, NULL, NULL, NULL, NULL, NULL),
(53, 15, 163, 0, NULL, NULL, NULL, NULL, NULL, NULL),
(54, 15, 164, 0, NULL, NULL, NULL, NULL, NULL, NULL),
(55, 15, 165, 0, NULL, NULL, NULL, NULL, NULL, NULL),
(56, 14, 146, 0, NULL, NULL, NULL, NULL, NULL, NULL),
(57, 14, 147, 0, NULL, NULL, NULL, NULL, NULL, NULL),
(58, 14, 148, 0, NULL, NULL, NULL, NULL, NULL, NULL),
(59, 14, 149, 0, NULL, NULL, NULL, NULL, NULL, NULL),
(60, 14, 150, 0, NULL, NULL, NULL, NULL, NULL, NULL),
(61, 14, 151, 0, NULL, NULL, NULL, NULL, NULL, NULL),
(62, 14, 152, 0, NULL, NULL, NULL, NULL, NULL, NULL),
(63, 14, 153, 0, NULL, NULL, NULL, NULL, NULL, NULL),
(64, 14, 154, 0, NULL, NULL, NULL, NULL, NULL, NULL),
(65, 14, 155, 0, NULL, NULL, NULL, NULL, NULL, NULL),
(66, 14, 156, 0, NULL, NULL, NULL, NULL, NULL, NULL),
(67, 14, 157, 0, NULL, NULL, NULL, NULL, NULL, NULL),
(68, 14, 143, 0, NULL, NULL, NULL, NULL, NULL, NULL),
(69, 14, 144, 0, NULL, NULL, NULL, NULL, NULL, NULL),
(70, 14, 145, 0, NULL, NULL, NULL, NULL, NULL, NULL),
(71, 14, 158, 0, NULL, NULL, NULL, NULL, NULL, NULL),
(72, 14, 159, 0, NULL, NULL, NULL, NULL, NULL, NULL),
(73, 14, 3, 0, NULL, NULL, NULL, NULL, NULL, NULL),
(74, 8, 191, 0, NULL, NULL, NULL, NULL, NULL, NULL),
(75, 8, 44, 0, NULL, NULL, NULL, NULL, NULL, NULL),
(76, 8, 45, 0, NULL, NULL, NULL, NULL, NULL, NULL),
(77, 8, 46, 0, NULL, NULL, NULL, NULL, NULL, NULL),
(78, 8, 47, 0, NULL, NULL, NULL, NULL, NULL, NULL),
(79, 8, 48, 0, NULL, NULL, NULL, NULL, NULL, NULL),
(80, 8, 49, 0, NULL, NULL, NULL, NULL, NULL, NULL),
(81, 8, 50, 0, NULL, NULL, NULL, NULL, NULL, NULL),
(82, 8, 51, 0, NULL, NULL, NULL, NULL, NULL, NULL),
(83, 8, 52, 0, NULL, NULL, NULL, NULL, NULL, NULL),
(84, 8, 53, 0, NULL, NULL, NULL, NULL, NULL, NULL),
(85, 8, 54, 0, NULL, NULL, NULL, NULL, NULL, NULL),
(86, 8, 55, 0, NULL, NULL, NULL, NULL, NULL, NULL),
(87, 8, 56, 0, NULL, NULL, NULL, NULL, NULL, NULL),
(88, 8, 57, 0, NULL, NULL, NULL, NULL, NULL, NULL),
(89, 8, 58, 0, NULL, NULL, NULL, NULL, NULL, NULL),
(90, 8, 59, 0, NULL, NULL, NULL, NULL, NULL, NULL),
(91, 8, 60, 0, NULL, NULL, NULL, NULL, NULL, NULL),
(92, 8, 61, 0, NULL, NULL, NULL, NULL, NULL, NULL),
(93, 8, 62, 0, NULL, NULL, NULL, NULL, NULL, NULL),
(94, 8, 63, 0, NULL, NULL, NULL, NULL, NULL, NULL),
(95, 8, 64, 0, NULL, NULL, NULL, NULL, NULL, NULL),
(96, 8, 65, 0, NULL, NULL, NULL, NULL, NULL, NULL),
(97, 8, 66, 0, NULL, NULL, NULL, NULL, NULL, NULL),
(98, 8, 67, 0, NULL, NULL, NULL, NULL, NULL, NULL),
(99, 8, 68, 0, NULL, NULL, NULL, NULL, NULL, NULL),
(100, 8, 69, 0, NULL, NULL, NULL, NULL, NULL, NULL),
(101, 8, 70, 0, NULL, NULL, NULL, NULL, NULL, NULL),
(102, 8, 71, 0, NULL, NULL, NULL, NULL, NULL, NULL),
(103, 8, 72, 0, NULL, NULL, NULL, NULL, NULL, NULL),
(104, 8, 73, 0, NULL, NULL, NULL, NULL, NULL, NULL),
(105, 22, 128, 0, NULL, NULL, NULL, NULL, NULL, NULL),
(106, 22, 130, 0, NULL, NULL, NULL, NULL, NULL, NULL),
(107, 22, 133, 0, NULL, NULL, NULL, NULL, NULL, NULL),
(108, 22, 134, 0, NULL, NULL, NULL, NULL, NULL, NULL),
(109, 22, 136, 0, NULL, NULL, NULL, NULL, NULL, NULL),
(110, 22, 138, 0, NULL, NULL, NULL, NULL, NULL, NULL),
(111, 22, 140, 0, NULL, NULL, NULL, NULL, NULL, NULL),
(112, 13, 127, 0, NULL, NULL, NULL, NULL, NULL, NULL),
(113, 13, 128, 0, NULL, NULL, NULL, NULL, NULL, NULL),
(114, 13, 129, 0, NULL, NULL, NULL, NULL, NULL, NULL),
(115, 13, 130, 0, NULL, NULL, NULL, NULL, NULL, NULL),
(116, 13, 131, 0, NULL, NULL, NULL, NULL, NULL, NULL),
(117, 13, 132, 0, NULL, NULL, NULL, NULL, NULL, NULL),
(118, 13, 133, 0, NULL, NULL, NULL, NULL, NULL, NULL),
(119, 13, 134, 0, NULL, NULL, NULL, NULL, NULL, NULL),
(120, 13, 135, 0, NULL, NULL, NULL, NULL, NULL, NULL),
(121, 13, 136, 0, NULL, NULL, NULL, NULL, NULL, NULL),
(122, 13, 137, 0, NULL, NULL, NULL, NULL, NULL, NULL),
(123, 13, 138, 0, NULL, NULL, NULL, NULL, NULL, NULL),
(124, 13, 139, 0, NULL, NULL, NULL, NULL, NULL, NULL),
(125, 13, 140, 0, NULL, NULL, NULL, NULL, NULL, NULL),
(126, 13, 141, 0, NULL, NULL, NULL, NULL, NULL, NULL),
(127, 13, 142, 0, NULL, NULL, NULL, NULL, NULL, NULL),
(128, 7, 169, 0, NULL, NULL, NULL, NULL, NULL, NULL),
(129, 7, 170, 0, NULL, NULL, NULL, NULL, NULL, NULL),
(130, 7, 198, 0, NULL, NULL, NULL, NULL, NULL, NULL),
(131, 7, 199, 0, NULL, NULL, NULL, NULL, NULL, NULL),
(132, 7, 171, 0, NULL, NULL, NULL, NULL, NULL, NULL),
(133, 7, 172, 0, NULL, NULL, NULL, NULL, NULL, NULL),
(134, 7, 173, 0, NULL, NULL, NULL, NULL, NULL, NULL),
(135, 7, 200, 0, NULL, NULL, NULL, NULL, NULL, NULL),
(136, 7, 174, 0, NULL, NULL, NULL, NULL, NULL, NULL),
(137, 7, 201, 0, NULL, NULL, NULL, NULL, NULL, NULL),
(138, 7, 175, 0, NULL, NULL, NULL, NULL, NULL, NULL),
(139, 7, 202, 0, NULL, NULL, NULL, NULL, NULL, NULL),
(140, 7, 115, 0, NULL, NULL, NULL, NULL, NULL, NULL),
(141, 7, 197, 0, NULL, NULL, NULL, NULL, NULL, NULL),
(142, 7, 116, 0, NULL, NULL, NULL, NULL, NULL, NULL),
(145, 7, 176, 0, NULL, NULL, NULL, NULL, NULL, NULL),
(146, 7, 177, 0, NULL, NULL, NULL, NULL, NULL, NULL),
(147, 7, 203, 0, NULL, NULL, NULL, NULL, NULL, NULL),
(148, 7, 204, 0, NULL, NULL, NULL, NULL, NULL, NULL),
(149, 7, 178, 0, NULL, NULL, NULL, NULL, NULL, NULL),
(150, 7, 179, 0, NULL, NULL, NULL, NULL, NULL, NULL),
(151, 7, 180, 0, NULL, NULL, NULL, NULL, NULL, NULL),
(152, 7, 205, 0, NULL, NULL, NULL, NULL, NULL, NULL),
(153, 7, 181, 0, NULL, NULL, NULL, NULL, NULL, NULL),
(154, 7, 206, 0, NULL, NULL, NULL, NULL, NULL, NULL),
(155, 7, 182, 0, NULL, NULL, NULL, NULL, NULL, NULL),
(156, 7, 207, 0, NULL, NULL, NULL, NULL, NULL, NULL),
(157, 7, 183, 0, NULL, NULL, NULL, NULL, NULL, NULL),
(158, 7, 208, 0, NULL, NULL, NULL, NULL, NULL, NULL),
(159, 7, 117, 0, NULL, NULL, NULL, NULL, NULL, NULL),
(160, 7, 184, 0, NULL, NULL, NULL, NULL, NULL, NULL),
(161, 7, 185, 0, NULL, NULL, NULL, NULL, NULL, NULL),
(162, 7, 186, 0, NULL, NULL, NULL, NULL, NULL, NULL),
(163, 7, 187, 0, NULL, NULL, NULL, NULL, NULL, NULL),
(164, 7, 188, 0, NULL, NULL, NULL, NULL, NULL, NULL),
(165, 7, 209, 0, NULL, NULL, NULL, NULL, NULL, NULL),
(166, 7, 118, 0, NULL, NULL, NULL, NULL, NULL, NULL),
(167, 7, 119, 0, NULL, NULL, NULL, NULL, NULL, NULL),
(168, 7, 210, 0, NULL, NULL, NULL, NULL, NULL, NULL),
(169, 7, 120, 0, NULL, NULL, NULL, NULL, NULL, NULL),
(170, 7, 41, 0, NULL, NULL, NULL, NULL, NULL, NULL),
(171, 7, 42, 0, NULL, NULL, NULL, NULL, NULL, NULL),
(172, 10, 89, 0, NULL, NULL, NULL, NULL, NULL, NULL),
(173, 10, 90, 0, NULL, NULL, NULL, NULL, NULL, NULL),
(174, 10, 91, 0, NULL, NULL, NULL, NULL, NULL, NULL),
(175, 10, 92, 0, NULL, NULL, NULL, NULL, NULL, NULL),
(176, 10, 93, 0, NULL, NULL, NULL, NULL, NULL, NULL),
(177, 10, 94, 0, NULL, NULL, NULL, NULL, NULL, NULL),
(178, 10, 95, 0, NULL, NULL, NULL, NULL, NULL, NULL),
(179, 10, 121, 0, NULL, NULL, NULL, NULL, NULL, NULL),
(180, 10, 122, 0, NULL, NULL, NULL, NULL, NULL, NULL),
(181, 10, 96, 0, NULL, NULL, NULL, NULL, NULL, NULL),
(182, 10, 97, 0, NULL, NULL, NULL, NULL, NULL, NULL),
(183, 10, 98, 0, NULL, NULL, NULL, NULL, NULL, NULL),
(184, 10, 99, 0, NULL, NULL, NULL, NULL, NULL, NULL),
(185, 10, 100, 0, NULL, NULL, NULL, NULL, NULL, NULL),
(186, 10, 101, 0, NULL, NULL, NULL, NULL, NULL, NULL),
(187, 10, 102, 0, NULL, NULL, NULL, NULL, NULL, NULL),
(188, 10, 103, 0, NULL, NULL, NULL, NULL, NULL, NULL),
(189, 10, 123, 0, NULL, NULL, NULL, NULL, NULL, NULL),
(190, 10, 104, 0, NULL, NULL, NULL, NULL, NULL, NULL),
(191, 10, 105, 0, NULL, NULL, NULL, NULL, NULL, NULL),
(192, 10, 106, 0, NULL, NULL, NULL, NULL, NULL, NULL),
(193, 10, 107, 0, NULL, NULL, NULL, NULL, NULL, NULL),
(194, 10, 108, 0, NULL, NULL, NULL, NULL, NULL, NULL),
(195, 10, 124, 0, NULL, NULL, NULL, NULL, NULL, NULL),
(196, 10, 125, 0, NULL, NULL, NULL, NULL, NULL, NULL),
(197, 10, 126, 0, NULL, NULL, NULL, NULL, NULL, NULL),
(198, 5, 194, 0, '', NULL, '2019-10-16 15:10:12', '2019-10-16 15:10:12', NULL, NULL),
(199, 23, 66, 0, '', NULL, '2019-10-18 22:18:50', '2019-10-18 22:18:50', NULL, NULL),
(200, 23, 67, 0, '', NULL, '2019-10-18 22:18:50', '2019-10-18 22:18:50', NULL, NULL),
(201, 23, 68, 0, '', NULL, '2019-10-18 22:18:50', '2019-10-18 22:18:50', NULL, NULL),
(202, 23, 69, 0, '', NULL, '2019-10-18 22:18:50', '2019-10-18 22:18:50', NULL, NULL),
(203, 23, 72, 0, '', NULL, '2019-10-18 22:18:50', '2019-10-18 22:18:50', NULL, NULL),
(204, 23, 70, 0, '', NULL, '2019-10-18 22:18:50', '2019-10-18 22:18:50', NULL, NULL),
(205, 23, 113, 0, '', NULL, '2019-10-18 22:18:50', '2019-10-18 22:18:50', NULL, NULL),
(206, 23, 50, 0, '', NULL, '2019-10-18 22:20:20', '2019-10-18 22:20:20', NULL, NULL),
(207, 23, 51, 0, '', NULL, '2019-10-18 22:20:20', '2019-10-18 22:20:20', NULL, NULL),
(208, 23, 52, 0, '', NULL, '2019-10-18 22:20:20', '2019-10-18 22:20:20', NULL, NULL),
(209, 23, 54, 0, '', NULL, '2019-10-18 22:20:20', '2019-10-18 22:20:20', NULL, NULL),
(210, 23, 57, 0, '', NULL, '2019-10-18 22:20:20', '2019-10-18 22:20:20', NULL, NULL),
(211, 23, 53, 0, '', NULL, '2019-10-18 22:20:20', '2019-10-18 22:20:20', NULL, NULL),
(212, 23, 55, 0, '', NULL, '2019-10-18 22:20:20', '2019-10-18 22:20:20', NULL, NULL),
(213, 23, 59, 0, '', NULL, '2019-10-18 22:20:20', '2019-10-18 22:20:20', NULL, NULL),
(214, 23, 60, 0, '', NULL, '2019-10-18 22:20:20', '2019-10-18 22:20:20', NULL, NULL),
(215, 23, 58, 0, '', NULL, '2019-10-18 22:20:20', '2019-10-18 22:20:20', NULL, NULL),
(216, 23, 61, 0, '', NULL, '2019-10-18 22:20:20', '2019-10-18 22:20:20', NULL, NULL),
(217, 23, 62, 0, '', NULL, '2019-10-18 22:20:20', '2019-10-18 22:20:20', NULL, NULL),
(218, 24, 75, 0, '', NULL, '2019-10-18 22:22:10', '2019-10-18 22:22:10', NULL, NULL),
(219, 24, 78, 0, '', NULL, '2019-10-18 22:22:10', '2019-10-18 22:22:10', NULL, NULL),
(220, 24, 82, 0, '', NULL, '2019-10-18 22:22:10', '2019-10-18 22:22:10', NULL, NULL),
(221, 24, 84, 0, '', NULL, '2019-10-18 22:22:10', '2019-10-18 22:22:10', NULL, NULL),
(222, 24, 85, 0, '', NULL, '2019-10-18 22:22:10', '2019-10-18 22:22:10', NULL, NULL),
(223, 24, 83, 0, '', NULL, '2019-10-18 22:22:10', '2019-10-18 22:22:10', NULL, NULL),
(224, 24, 86, 0, '', NULL, '2019-10-18 22:22:10', '2019-10-18 22:22:10', NULL, NULL),
(225, 11, 75, 0, '', NULL, '2019-10-19 10:12:29', '2019-10-19 10:12:29', NULL, NULL),
(226, 5, 212, 0, '', NULL, '2019-10-30 20:33:43', '2019-10-30 20:33:43', NULL, NULL),
(227, 5, 211, 1, '', '', '2019-10-30 20:33:43', '2019-11-06 20:12:49', 4, 'batches of 70 @ 36p per badge +£3.95 p+P\r\n\r\n70 badges would cost £29.15p\r\n\r\nPayment is up front by either paypal to greenfrogsales@outlook.com\r\nor bacs\r\nsort code 09-01-52\r\na/c no 70568689'),
(228, 2, 213, 0, '', NULL, '2019-10-30 20:38:33', '2019-10-30 20:38:33', NULL, NULL);

-- --------------------------------------------------------

--
-- Table structure for table `loancardlines`
--

CREATE TABLE `loancardlines` (
  `line_id` int(11) NOT NULL,
  `loancard_id` int(11) NOT NULL,
  `_line` int(11) NOT NULL,
  `stock_id` int(11) NOT NULL,
  `nsn_id` int(11) NOT NULL,
  `_qty_issued` int(11) NOT NULL,
  `_qty_returned` int(11) DEFAULT NULL,
  `_date` datetime DEFAULT NULL,
  `received_by` varchar(45) DEFAULT NULL,
  `createdAt` datetime NOT NULL,
  `updatedAt` datetime NOT NULL
) ENGINE=InnoDB DEFAULT CHARSET=utf8mb4;

--
-- Dumping data for table `loancardlines`
--

INSERT INTO `loancardlines` (`line_id`, `loancard_id`, `_line`, `stock_id`, `nsn_id`, `_qty_issued`, `_qty_returned`, `_date`, `received_by`, `createdAt`, `updatedAt`) VALUES
(13, 7, 1, 118, 118, 1, NULL, NULL, NULL, '2019-10-30 20:12:02', '2019-10-30 20:12:02'),
(14, 7, 2, 134, 147, 1, NULL, NULL, NULL, '2019-10-30 20:12:02', '2019-10-30 20:12:02'),
(15, 8, 1, 20, 20, 1, NULL, NULL, NULL, '2019-11-06 19:48:59', '2019-11-06 19:48:59'),
(16, 9, 1, 1, 1, 1, NULL, NULL, NULL, '2019-11-06 19:53:40', '2019-11-06 19:53:40'),
(17, 9, 2, 15, 15, 1, NULL, NULL, NULL, '2019-11-06 19:53:40', '2019-11-06 19:53:40'),
(18, 9, 7, 227, 269, 1, NULL, NULL, NULL, '2019-11-06 19:53:40', '2019-11-06 19:53:40'),
(19, 9, 3, 228, 268, 1, NULL, NULL, NULL, '2019-11-06 19:53:40', '2019-11-06 19:53:40'),
(20, 9, 4, 4, 4, 1, NULL, NULL, NULL, '2019-11-06 19:53:40', '2019-11-06 19:53:40'),
(21, 9, 6, 226, 267, 1, NULL, NULL, NULL, '2019-11-06 19:53:40', '2019-11-06 19:53:40'),
(22, 9, 5, 198, 266, 1, NULL, NULL, NULL, '2019-11-06 19:53:40', '2019-11-06 19:53:40'),
(23, 9, 8, 23, 23, 1, NULL, NULL, NULL, '2019-11-06 19:53:40', '2019-11-06 19:53:40'),
(24, 9, 9, 32, 32, 1, NULL, NULL, NULL, '2019-11-06 19:53:40', '2019-11-06 19:53:40'),
(25, 9, 10, 63, 63, 1, NULL, NULL, NULL, '2019-11-06 19:53:40', '2019-11-06 19:53:40'),
(26, 9, 11, 51, 51, 1, NULL, NULL, NULL, '2019-11-06 19:53:40', '2019-11-06 19:53:40'),
(27, 9, 12, 89, 89, 1, NULL, NULL, NULL, '2019-11-06 19:53:40', '2019-11-06 19:53:40'),
(28, 10, 1, 89, 89, 1, NULL, NULL, NULL, '2019-11-06 20:24:02', '2019-11-06 20:24:02'),
(29, 11, 1, 198, 266, 1, NULL, NULL, NULL, '2019-11-06 20:36:29', '2019-11-06 20:36:29'),
(30, 11, 2, 226, 267, 1, NULL, NULL, NULL, '2019-11-06 20:36:29', '2019-11-06 20:36:29'),
(31, 11, 7, 118, 118, 1, NULL, NULL, NULL, '2019-11-06 20:36:29', '2019-11-06 20:36:29'),
(32, 11, 3, 227, 269, 1, NULL, NULL, NULL, '2019-11-06 20:36:29', '2019-11-06 20:36:29'),
(33, 11, 4, 19, 19, 1, NULL, NULL, NULL, '2019-11-06 20:36:29', '2019-11-06 20:36:29'),
(34, 11, 5, 228, 268, 1, NULL, NULL, NULL, '2019-11-06 20:36:29', '2019-11-06 20:36:29'),
(35, 11, 6, 4, 4, 1, NULL, NULL, NULL, '2019-11-06 20:36:29', '2019-11-06 20:36:29'),
(36, 11, 8, 51, 51, 1, NULL, NULL, NULL, '2019-11-06 20:36:29', '2019-11-06 20:36:29'),
(37, 11, 9, 23, 23, 1, NULL, NULL, NULL, '2019-11-06 20:36:29', '2019-11-06 20:36:29'),
(38, 11, 10, 33, 33, 1, NULL, NULL, NULL, '2019-11-06 20:36:29', '2019-11-06 20:36:29'),
(39, 12, 1, 21, 21, 1, NULL, NULL, NULL, '2019-11-06 20:38:20', '2019-11-06 20:38:20'),
(40, 13, 1, 1, 1, 1, NULL, NULL, NULL, '2019-11-06 20:41:09', '2019-11-06 20:41:09'),
(41, 13, 2, 11, 11, 1, NULL, NULL, NULL, '2019-11-06 20:41:09', '2019-11-06 20:41:09'),
(42, 13, 7, 20, 20, 1, NULL, NULL, NULL, '2019-11-06 20:41:09', '2019-11-06 20:41:09'),
(43, 13, 3, 228, 268, 1, NULL, NULL, NULL, '2019-11-06 20:41:09', '2019-11-06 20:41:09'),
(44, 13, 4, 4, 4, 1, NULL, NULL, NULL, '2019-11-06 20:41:09', '2019-11-06 20:41:09'),
(45, 13, 5, 59, 59, 1, NULL, NULL, NULL, '2019-11-06 20:41:09', '2019-11-06 20:41:09'),
(46, 13, 6, 50, 50, 1, NULL, NULL, NULL, '2019-11-06 20:41:09', '2019-11-06 20:41:09'),
(47, 13, 8, 77, 77, 1, NULL, NULL, NULL, '2019-11-06 20:41:09', '2019-11-06 20:41:09');

-- --------------------------------------------------------

--
-- Table structure for table `loancards`
--

CREATE TABLE `loancards` (
  `loancard_id` int(11) NOT NULL,
  `issued_to` int(11) NOT NULL,
  `_date` datetime NOT NULL,
  `_closed` datetime DEFAULT NULL,
  `user_id` int(11) NOT NULL,
  `createdAt` datetime NOT NULL,
  `updatedAt` datetime NOT NULL
) ENGINE=InnoDB DEFAULT CHARSET=utf8mb4;

--
-- Dumping data for table `loancards`
--

INSERT INTO `loancards` (`loancard_id`, `issued_to`, `_date`, `_closed`, `user_id`, `createdAt`, `updatedAt`) VALUES
(7, 30, '2019-10-30 20:12:02', NULL, 2, '2019-10-30 20:12:02', '2019-10-30 20:12:02'),
(8, 21, '2019-11-06 19:48:59', NULL, 2, '2019-11-06 19:48:59', '2019-11-06 19:48:59'),
(9, 19, '2019-11-06 19:53:40', NULL, 2, '2019-11-06 19:53:40', '2019-11-06 19:53:40'),
(10, 4, '2019-11-06 20:24:01', NULL, 2, '2019-11-06 20:24:01', '2019-11-06 20:24:01'),
(11, 3, '2019-11-06 20:36:29', NULL, 2, '2019-11-06 20:36:29', '2019-11-06 20:36:29'),
(12, 6, '2019-11-06 20:38:20', NULL, 2, '2019-11-06 20:38:20', '2019-11-06 20:38:20'),
(13, 5, '2019-11-06 20:41:09', NULL, 2, '2019-11-06 20:41:09', '2019-11-06 20:41:09');

-- --------------------------------------------------------

--
-- Table structure for table `notes`
--

CREATE TABLE `notes` (
  `note_id` int(11) NOT NULL,
  `_link_table` varchar(30) NOT NULL,
  `_link_id` int(11) NOT NULL,
  `_note` varchar(1000) NOT NULL,
  `_system` tinyint(4) NOT NULL DEFAULT '0',
  `user_id` int(11) NOT NULL,
  `createdAt` datetime NOT NULL,
  `updatedAt` datetime NOT NULL
) ENGINE=InnoDB DEFAULT CHARSET=utf8mb4;

-- --------------------------------------------------------

--
-- Table structure for table `orders`
--

CREATE TABLE `orders` (
  `order_id` int(11) NOT NULL,
  `stock_id` int(11) NOT NULL,
  `ordered_for` int(11) DEFAULT NULL,
  `_qty` int(11) NOT NULL,
  `_date` datetime DEFAULT NULL,
  `demand_id` int(11) DEFAULT NULL,
  `receipt_id` int(11) DEFAULT NULL,
  `issue_id` int(11) DEFAULT NULL,
  `ordered_by` int(11) NOT NULL,
  `createdAt` datetime NOT NULL,
  `updatedAt` datetime NOT NULL
) ENGINE=InnoDB DEFAULT CHARSET=utf8mb4;

-- --------------------------------------------------------

--
-- Table structure for table `permissions`
--

CREATE TABLE `permissions` (
  `user_id` int(11) NOT NULL,
  `account_enabled` tinyint(4) NOT NULL DEFAULT '1' COMMENT 'User',
  `access_settings` tinyint(4) NOT NULL DEFAULT '0' COMMENT 'Admin',
  `settings_edit` tinyint(4) NOT NULL DEFAULT '0' COMMENT 'Admin',
  `settings_dropdown` tinyint(4) NOT NULL DEFAULT '0' COMMENT 'Admin',
  `settings_dropdown_add` tinyint(4) NOT NULL DEFAULT '0' COMMENT 'Admin',
  `settings_dropdown_edit` tinyint(4) NOT NULL DEFAULT '0' COMMENT 'Admin',
  `settings_dropdown_delete` tinyint(4) NOT NULL DEFAULT '0' COMMENT 'Admin',
  `access_issues` tinyint(4) NOT NULL DEFAULT '0' COMMENT 'Issuer',
  `access_items` tinyint(4) NOT NULL DEFAULT '0' COMMENT 'Issuer',
  `access_locations` tinyint(4) NOT NULL DEFAULT '0' COMMENT 'Issuer',
  `access_nsns` tinyint(4) NOT NULL DEFAULT '0' COMMENT 'Issuer',
  `item_add` tinyint(4) NOT NULL DEFAULT '0' COMMENT 'Storeman',
  `item_edit` tinyint(4) NOT NULL DEFAULT '0' COMMENT 'Storeman',
  `item_delete` tinyint(4) NOT NULL DEFAULT '0' COMMENT 'Super',
  `item_size_add` tinyint(4) NOT NULL DEFAULT '0' COMMENT 'Storeman',
  `item_size_delete` tinyint(4) NOT NULL DEFAULT '0' COMMENT 'Admin',
  `item_locations_add` tinyint(4) NOT NULL DEFAULT '0' COMMENT 'Storeman',
  `item_locations_edit` tinyint(4) NOT NULL DEFAULT '0' COMMENT 'Storeman',
  `item_locations_delete` tinyint(4) NOT NULL DEFAULT '0' COMMENT 'Admin',
  `item_nsn_add` tinyint(4) NOT NULL DEFAULT '0' COMMENT 'Storeman',
  `item_nsn_edit` tinyint(4) NOT NULL DEFAULT '0' COMMENT 'Storeman',
  `item_nsn_delete` tinyint(4) NOT NULL DEFAULT '0' COMMENT 'Admin',
  `item_receive` tinyint(4) NOT NULL DEFAULT '0' COMMENT 'Storeman',
  `item_adjust` tinyint(4) NOT NULL DEFAULT '0' COMMENT 'Storeman',
  `item_stocktake` tinyint(4) NOT NULL DEFAULT '0' COMMENT 'Storeman',
  `issues_add` tinyint(4) NOT NULL DEFAULT '0' COMMENT 'Issuer',
  `issues_edit` tinyint(4) NOT NULL DEFAULT '0' COMMENT 'Admin',
  `issues_return` tinyint(4) NOT NULL DEFAULT '0' COMMENT 'Issuer',
  `issues_delete` tinyint(4) NOT NULL DEFAULT '0' COMMENT 'Super',
  `access_users` tinyint(4) NOT NULL DEFAULT '0' COMMENT 'Admin',
  `users_add` tinyint(4) NOT NULL DEFAULT '0' COMMENT 'Admin',
  `users_edit` tinyint(4) NOT NULL DEFAULT '0' COMMENT 'Admin',
  `users_permissions` tinyint(4) NOT NULL DEFAULT '0' COMMENT 'Admin',
  `users_delete` tinyint(4) NOT NULL DEFAULT '0' COMMENT 'Super',
  `users_password` tinyint(4) NOT NULL DEFAULT '0' COMMENT 'Admin',
  `users_status` tinyint(4) NOT NULL DEFAULT '0' COMMENT 'Admin',
  `users_others` tinyint(4) NOT NULL DEFAULT '0' COMMENT 'Admin',
  `access_notes` tinyint(4) NOT NULL DEFAULT '0' COMMENT 'Issuer',
  `notes_add` tinyint(4) NOT NULL DEFAULT '0' COMMENT 'Issuer',
  `notes_edit` tinyint(4) NOT NULL DEFAULT '0' COMMENT 'Admin',
  `notes_delete` tinyint(4) NOT NULL DEFAULT '0' COMMENT 'Super',
  `access_requests` tinyint(4) NOT NULL DEFAULT '1' COMMENT 'User',
  `requests_add` tinyint(4) NOT NULL DEFAULT '1' COMMENT 'User',
  `requests_edit` tinyint(4) NOT NULL DEFAULT '0' COMMENT 'Issuer',
  `requests_delete` tinyint(4) NOT NULL DEFAULT '0' COMMENT 'Super',
  `requests_approve` tinyint(4) NOT NULL DEFAULT '0' COMMENT 'Storeman',
  `access_orders` tinyint(4) NOT NULL DEFAULT '0' COMMENT 'Storeman',
  `orders_add` tinyint(4) NOT NULL DEFAULT '0' COMMENT 'Storeman',
  `orders_edit` tinyint(4) NOT NULL DEFAULT '0' COMMENT 'Storeman',
  `orders_place` tinyint(4) NOT NULL DEFAULT '0' COMMENT 'Storeman',
  `orders_delete` tinyint(4) NOT NULL DEFAULT '0',
  `access_demands` tinyint(4) NOT NULL DEFAULT '0' COMMENT 'Storeman',
  `demands_raise` tinyint(4) NOT NULL DEFAULT '0' COMMENT 'Storeman',
  `demands_search` tinyint(4) NOT NULL DEFAULT '0' COMMENT 'Storeman',
  `access_suppliers` tinyint(4) NOT NULL DEFAULT '0' COMMENT 'Admin',
  `suppliers_add` tinyint(4) NOT NULL DEFAULT '0' COMMENT 'Admin',
  `suppliers_edit` tinyint(4) NOT NULL DEFAULT '0' COMMENT 'Admin',
  `suppliers_delete` tinyint(4) NOT NULL DEFAULT '0' COMMENT 'Super',
  `suppliers_search` tinyint(4) NOT NULL DEFAULT '0' COMMENT 'Admin',
  `access_loancards` tinyint(4) NOT NULL DEFAULT '0' COMMENT 'Issuer',
  `access_reports` tinyint(4) NOT NULL DEFAULT '0' COMMENT 'Storeman',
  `access_print` tinyint(4) NOT NULL DEFAULT '0' COMMENT 'Issuer',
  `createdAt` datetime NOT NULL,
  `updatedAt` datetime NOT NULL
) ENGINE=InnoDB DEFAULT CHARSET=utf8mb4;

--
-- Dumping data for table `permissions`
--

INSERT INTO `permissions` (`user_id`, `account_enabled`, `access_settings`, `settings_edit`, `settings_dropdown`, `settings_dropdown_add`, `settings_dropdown_edit`, `settings_dropdown_delete`, `access_issues`, `access_items`, `access_locations`, `access_nsns`, `item_add`, `item_edit`, `item_delete`, `item_size_add`, `item_size_delete`, `item_locations_add`, `item_locations_edit`, `item_locations_delete`, `item_nsn_add`, `item_nsn_edit`, `item_nsn_delete`, `item_receive`, `item_adjust`, `item_stocktake`, `issues_add`, `issues_edit`, `issues_return`, `issues_delete`, `access_users`, `users_add`, `users_edit`, `users_permissions`, `users_delete`, `users_password`, `users_status`, `users_others`, `access_notes`, `notes_add`, `notes_edit`, `notes_delete`, `access_requests`, `requests_add`, `requests_edit`, `requests_delete`, `requests_approve`, `access_orders`, `orders_add`, `orders_edit`, `orders_place`, `orders_delete`, `access_demands`, `demands_raise`, `demands_search`, `access_suppliers`, `suppliers_add`, `suppliers_edit`, `suppliers_delete`, `suppliers_search`, `access_loancards`, `access_reports`, `access_print`, `createdAt`, `updatedAt`) VALUES
(1, 1, 1, 1, 1, 1, 1, 1, 0, 0, 0, 0, 0, 0, 0, 0, 0, 0, 0, 0, 0, 0, 0, 0, 0, 0, 0, 0, 0, 0, 1, 1, 1, 1, 1, 1, 1, 1, 1, 0, 0, 0, 0, 0, 0, 0, 0, 0, 0, 0, 0, 0, 0, 0, 0, 1, 1, 1, 1, 1, 0, 1, 1, '0000-00-00 00:00:00', '0000-00-00 00:00:00'),
(2, 1, 1, 1, 1, 1, 1, 1, 1, 1, 1, 1, 1, 1, 1, 1, 1, 1, 1, 1, 1, 1, 1, 1, 1, 1, 1, 1, 1, 1, 1, 1, 1, 1, 1, 1, 1, 1, 1, 1, 1, 1, 1, 1, 1, 1, 1, 1, 1, 1, 1, 1, 1, 1, 1, 1, 1, 1, 1, 1, 1, 1, 1, '0000-00-00 00:00:00', '0000-00-00 00:00:00'),
(3, 1, 0, 0, 0, 0, 0, 0, 0, 0, 0, 0, 0, 0, 0, 0, 0, 0, 0, 0, 0, 0, 0, 0, 0, 0, 0, 0, 0, 0, 0, 0, 0, 0, 0, 0, 0, 0, 0, 0, 0, 0, 1, 1, 0, 0, 0, 0, 0, 0, 0, 0, 0, 0, 0, 0, 0, 0, 0, 0, 0, 0, 0, '2019-10-30 17:16:06', '2019-10-30 17:16:06'),
(4, 1, 0, 0, 0, 0, 0, 0, 1, 1, 1, 1, 1, 1, 0, 1, 0, 1, 1, 0, 1, 1, 0, 1, 1, 1, 1, 0, 1, 0, 0, 0, 0, 0, 0, 0, 0, 0, 1, 1, 0, 0, 1, 1, 1, 0, 1, 1, 1, 1, 1, 0, 1, 1, 1, 0, 0, 0, 0, 0, 1, 1, 1, '2019-10-30 17:16:58', '2019-11-04 19:56:28'),
(5, 1, 0, 0, 0, 0, 0, 0, 0, 0, 0, 0, 0, 0, 0, 0, 0, 0, 0, 0, 0, 0, 0, 0, 0, 0, 0, 0, 0, 0, 0, 0, 0, 0, 0, 0, 0, 0, 0, 0, 0, 0, 1, 1, 0, 0, 0, 0, 0, 0, 0, 0, 0, 0, 0, 0, 0, 0, 0, 0, 0, 0, 0, '2019-10-30 17:17:49', '2019-10-30 17:17:49'),
(6, 1, 0, 0, 0, 0, 0, 0, 0, 0, 0, 0, 0, 0, 0, 0, 0, 0, 0, 0, 0, 0, 0, 0, 0, 0, 0, 0, 0, 0, 0, 0, 0, 0, 0, 0, 0, 0, 0, 0, 0, 0, 1, 1, 0, 0, 0, 0, 0, 0, 0, 0, 0, 0, 0, 0, 0, 0, 0, 0, 0, 0, 0, '2019-10-30 17:18:27', '2019-10-30 17:18:27'),
(7, 1, 0, 0, 0, 0, 0, 0, 0, 0, 0, 0, 0, 0, 0, 0, 0, 0, 0, 0, 0, 0, 0, 0, 0, 0, 0, 0, 0, 0, 0, 0, 0, 0, 0, 0, 0, 0, 0, 0, 0, 0, 1, 1, 0, 0, 0, 0, 0, 0, 0, 0, 0, 0, 0, 0, 0, 0, 0, 0, 0, 0, 0, '2019-10-30 17:19:07', '2019-10-30 17:19:07'),
(8, 1, 0, 0, 0, 0, 0, 0, 0, 0, 0, 0, 0, 0, 0, 0, 0, 0, 0, 0, 0, 0, 0, 0, 0, 0, 0, 0, 0, 0, 0, 0, 0, 0, 0, 0, 0, 0, 0, 0, 0, 0, 1, 1, 0, 0, 0, 0, 0, 0, 0, 0, 0, 0, 0, 0, 0, 0, 0, 0, 0, 0, 0, '2019-10-30 17:19:49', '2019-10-30 17:19:49'),
(9, 1, 0, 0, 0, 0, 0, 0, 1, 1, 1, 1, 1, 1, 0, 1, 0, 1, 1, 0, 1, 1, 0, 1, 1, 1, 1, 0, 1, 0, 0, 0, 0, 0, 0, 0, 0, 0, 1, 1, 0, 0, 1, 1, 1, 0, 1, 1, 1, 1, 1, 0, 1, 1, 1, 0, 0, 0, 0, 0, 1, 1, 1, '2019-10-30 17:20:24', '2019-11-04 19:56:45'),
(10, 1, 0, 0, 0, 0, 0, 0, 0, 0, 0, 0, 0, 0, 0, 0, 0, 0, 0, 0, 0, 0, 0, 0, 0, 0, 0, 0, 0, 0, 0, 0, 0, 0, 0, 0, 0, 0, 0, 0, 0, 0, 1, 1, 0, 0, 0, 0, 0, 0, 0, 0, 0, 0, 0, 0, 0, 0, 0, 0, 0, 0, 0, '2019-10-30 17:20:55', '2019-10-30 17:20:55'),
(11, 1, 0, 0, 0, 0, 0, 0, 0, 0, 0, 0, 0, 0, 0, 0, 0, 0, 0, 0, 0, 0, 0, 0, 0, 0, 0, 0, 0, 0, 0, 0, 0, 0, 0, 0, 0, 0, 0, 0, 0, 0, 1, 1, 0, 0, 0, 0, 0, 0, 0, 0, 0, 0, 0, 0, 0, 0, 0, 0, 0, 0, 0, '2019-10-30 17:21:39', '2019-10-30 17:21:39'),
(12, 1, 0, 0, 0, 0, 0, 0, 0, 0, 0, 0, 0, 0, 0, 0, 0, 0, 0, 0, 0, 0, 0, 0, 0, 0, 0, 0, 0, 0, 0, 0, 0, 0, 0, 0, 0, 0, 0, 0, 0, 0, 1, 1, 0, 0, 0, 0, 0, 0, 0, 0, 0, 0, 0, 0, 0, 0, 0, 0, 0, 0, 0, '2019-10-30 17:22:15', '2019-10-30 17:22:15'),
(13, 1, 0, 0, 0, 0, 0, 0, 0, 0, 0, 0, 0, 0, 0, 0, 0, 0, 0, 0, 0, 0, 0, 0, 0, 0, 0, 0, 0, 0, 0, 0, 0, 0, 0, 0, 0, 0, 0, 0, 0, 0, 1, 1, 0, 0, 0, 0, 0, 0, 0, 0, 0, 0, 0, 0, 0, 0, 0, 0, 0, 0, 0, '2019-10-30 17:22:48', '2019-10-30 17:22:48'),
(14, 1, 0, 0, 0, 0, 0, 0, 0, 0, 0, 0, 0, 0, 0, 0, 0, 0, 0, 0, 0, 0, 0, 0, 0, 0, 0, 0, 0, 0, 0, 0, 0, 0, 0, 0, 0, 0, 0, 0, 0, 0, 1, 1, 0, 0, 0, 0, 0, 0, 0, 0, 0, 0, 0, 0, 0, 0, 0, 0, 0, 0, 0, '2019-10-30 17:24:59', '2019-10-30 17:24:59'),
(15, 1, 0, 0, 0, 0, 0, 0, 0, 0, 0, 0, 0, 0, 0, 0, 0, 0, 0, 0, 0, 0, 0, 0, 0, 0, 0, 0, 0, 0, 0, 0, 0, 0, 0, 0, 0, 0, 0, 0, 0, 0, 1, 1, 0, 0, 0, 0, 0, 0, 0, 0, 0, 0, 0, 0, 0, 0, 0, 0, 0, 0, 0, '2019-10-30 17:25:22', '2019-10-30 17:25:22'),
(16, 1, 0, 0, 0, 0, 0, 0, 0, 0, 0, 0, 0, 0, 0, 0, 0, 0, 0, 0, 0, 0, 0, 0, 0, 0, 0, 0, 0, 0, 0, 0, 0, 0, 0, 0, 0, 0, 0, 0, 0, 0, 1, 1, 0, 0, 0, 0, 0, 0, 0, 0, 0, 0, 0, 0, 0, 0, 0, 0, 0, 0, 0, '2019-10-30 17:26:00', '2019-10-30 17:26:00'),
(17, 1, 0, 0, 0, 0, 0, 0, 0, 0, 0, 0, 0, 0, 0, 0, 0, 0, 0, 0, 0, 0, 0, 0, 0, 0, 0, 0, 0, 0, 0, 0, 0, 0, 0, 0, 0, 0, 0, 0, 0, 0, 1, 1, 0, 0, 0, 0, 0, 0, 0, 0, 0, 0, 0, 0, 0, 0, 0, 0, 0, 0, 0, '2019-10-30 17:26:27', '2019-10-30 17:26:27'),
(18, 1, 0, 0, 0, 0, 0, 0, 0, 0, 0, 0, 0, 0, 0, 0, 0, 0, 0, 0, 0, 0, 0, 0, 0, 0, 0, 0, 0, 0, 0, 0, 0, 0, 0, 0, 0, 0, 0, 0, 0, 0, 1, 1, 0, 0, 0, 0, 0, 0, 0, 0, 0, 0, 0, 0, 0, 0, 0, 0, 0, 0, 0, '2019-10-30 17:27:48', '2019-10-30 17:27:48'),
(19, 1, 0, 0, 0, 0, 0, 0, 0, 0, 0, 0, 0, 0, 0, 0, 0, 0, 0, 0, 0, 0, 0, 0, 0, 0, 0, 0, 0, 0, 0, 0, 0, 0, 0, 0, 0, 0, 0, 0, 0, 0, 1, 1, 0, 0, 0, 0, 0, 0, 0, 0, 0, 0, 0, 0, 0, 0, 0, 0, 0, 0, 0, '2019-10-30 17:28:09', '2019-10-30 17:28:09'),
(20, 1, 0, 0, 0, 0, 0, 0, 0, 0, 0, 0, 0, 0, 0, 0, 0, 0, 0, 0, 0, 0, 0, 0, 0, 0, 0, 0, 0, 0, 0, 0, 0, 0, 0, 0, 0, 0, 0, 0, 0, 0, 1, 1, 0, 0, 0, 0, 0, 0, 0, 0, 0, 0, 0, 0, 0, 0, 0, 0, 0, 0, 0, '2019-10-30 17:28:33', '2019-10-30 17:28:33'),
(21, 1, 0, 0, 0, 0, 0, 0, 0, 0, 0, 0, 0, 0, 0, 0, 0, 0, 0, 0, 0, 0, 0, 0, 0, 0, 0, 0, 0, 0, 0, 0, 0, 0, 0, 0, 0, 0, 0, 0, 0, 0, 1, 1, 0, 0, 0, 0, 0, 0, 0, 0, 0, 0, 0, 0, 0, 0, 0, 0, 0, 0, 0, '2019-10-30 17:28:59', '2019-10-30 17:28:59'),
(22, 1, 0, 0, 0, 0, 0, 0, 0, 0, 0, 0, 0, 0, 0, 0, 0, 0, 0, 0, 0, 0, 0, 0, 0, 0, 0, 0, 0, 0, 0, 0, 0, 0, 0, 0, 0, 0, 0, 0, 0, 0, 1, 1, 0, 0, 0, 0, 0, 0, 0, 0, 0, 0, 0, 0, 0, 0, 0, 0, 0, 0, 0, '2019-10-30 17:29:19', '2019-10-30 17:29:19'),
(23, 1, 0, 0, 0, 0, 0, 0, 0, 0, 0, 0, 0, 0, 0, 0, 0, 0, 0, 0, 0, 0, 0, 0, 0, 0, 0, 0, 0, 0, 0, 0, 0, 0, 0, 0, 0, 0, 0, 0, 0, 0, 1, 1, 0, 0, 0, 0, 0, 0, 0, 0, 0, 0, 0, 0, 0, 0, 0, 0, 0, 0, 0, '2019-10-30 17:29:48', '2019-10-30 17:29:48'),
(24, 1, 0, 0, 0, 0, 0, 0, 0, 0, 0, 0, 0, 0, 0, 0, 0, 0, 0, 0, 0, 0, 0, 0, 0, 0, 0, 0, 0, 0, 0, 0, 0, 0, 0, 0, 0, 0, 0, 0, 0, 0, 1, 1, 0, 0, 0, 0, 0, 0, 0, 0, 0, 0, 0, 0, 0, 0, 0, 0, 0, 0, 0, '2019-10-30 17:30:09', '2019-10-30 17:30:09'),
(25, 1, 0, 0, 0, 0, 0, 0, 1, 1, 1, 1, 1, 1, 0, 1, 0, 1, 1, 0, 1, 1, 0, 1, 1, 1, 1, 0, 1, 0, 0, 0, 0, 0, 0, 0, 0, 0, 1, 1, 0, 0, 1, 1, 1, 0, 1, 1, 1, 1, 1, 0, 1, 1, 1, 0, 0, 0, 0, 0, 1, 1, 1, '2019-10-30 17:30:37', '2019-11-04 19:57:05'),
(26, 1, 1, 1, 1, 1, 1, 1, 1, 1, 1, 1, 1, 1, 0, 1, 1, 1, 1, 1, 1, 1, 1, 1, 1, 1, 1, 1, 1, 0, 1, 1, 1, 1, 0, 1, 1, 1, 1, 1, 1, 0, 1, 1, 1, 0, 1, 1, 1, 1, 1, 0, 1, 1, 1, 1, 1, 1, 0, 1, 1, 1, 1, '2019-10-30 17:31:27', '2019-11-04 19:54:56'),
(27, 1, 1, 1, 1, 1, 1, 1, 1, 1, 1, 1, 1, 1, 0, 1, 1, 1, 1, 1, 1, 1, 1, 1, 1, 1, 1, 1, 1, 0, 1, 1, 1, 1, 0, 1, 1, 1, 1, 1, 1, 0, 1, 1, 1, 0, 1, 1, 1, 1, 1, 0, 1, 1, 1, 1, 1, 1, 0, 1, 1, 1, 1, '2019-10-30 17:31:51', '2019-11-04 19:55:20'),
(28, 1, 1, 1, 1, 1, 1, 1, 1, 1, 1, 1, 1, 1, 0, 1, 1, 1, 1, 1, 1, 1, 1, 1, 1, 1, 1, 1, 1, 0, 1, 1, 1, 1, 0, 1, 1, 1, 1, 1, 1, 0, 1, 1, 1, 0, 1, 1, 1, 1, 1, 0, 1, 1, 1, 1, 1, 1, 0, 1, 1, 1, 1, '2019-10-30 17:32:15', '2019-11-04 19:55:33'),
(29, 1, 1, 1, 1, 1, 1, 1, 1, 1, 1, 1, 1, 1, 0, 1, 1, 1, 1, 1, 1, 1, 1, 1, 1, 1, 1, 1, 1, 0, 1, 1, 1, 1, 0, 1, 1, 1, 1, 1, 1, 0, 1, 1, 1, 0, 1, 1, 1, 1, 1, 0, 1, 1, 1, 1, 1, 1, 0, 1, 1, 1, 1, '2019-10-30 17:32:46', '2019-11-04 19:55:43'),
(30, 1, 1, 1, 1, 1, 1, 1, 1, 1, 1, 1, 1, 1, 0, 1, 1, 1, 1, 1, 1, 1, 1, 1, 1, 1, 1, 1, 1, 0, 1, 1, 1, 1, 0, 1, 1, 1, 1, 1, 1, 0, 1, 1, 1, 0, 1, 1, 1, 1, 1, 0, 1, 1, 1, 1, 1, 1, 0, 1, 1, 1, 1, '2019-10-30 17:33:12', '2019-11-04 19:55:57'),
(31, 1, 1, 1, 1, 1, 1, 1, 1, 1, 1, 1, 1, 1, 0, 1, 1, 1, 1, 1, 1, 1, 1, 1, 1, 1, 1, 1, 1, 0, 1, 1, 1, 1, 0, 1, 1, 1, 1, 1, 1, 0, 1, 1, 1, 0, 1, 1, 1, 1, 1, 0, 1, 1, 1, 1, 1, 1, 0, 1, 1, 1, 1, '2019-10-30 17:33:39', '2019-11-04 19:56:15');

-- --------------------------------------------------------

--
-- Table structure for table `ranks`
--

CREATE TABLE `ranks` (
  `rank_id` int(11) NOT NULL,
  `_rank` varchar(10) NOT NULL,
  `createdAt` datetime DEFAULT NULL,
  `updatedAt` datetime DEFAULT NULL
) ENGINE=InnoDB DEFAULT CHARSET=utf8mb4;

--
-- Dumping data for table `ranks`
--

INSERT INTO `ranks` (`rank_id`, `_rank`, `createdAt`, `updatedAt`) VALUES
(1, 'Cdt', NULL, NULL),
(2, 'Cpl', NULL, NULL),
(3, 'Sgt', NULL, NULL),
(4, 'FS', NULL, NULL),
(5, 'CWO', NULL, NULL),
(6, 'A Sgt', NULL, NULL),
(7, 'A FS', NULL, NULL),
(8, 'A WO', NULL, NULL),
(9, 'Plt Off', NULL, NULL),
(10, 'Fg Off', NULL, NULL),
(11, 'Flt Lt', NULL, NULL),
(12, 'Sqn Ldr', NULL, NULL),
(13, 'Other', NULL, NULL),
(14, 'CI', NULL, NULL),
(15, 'LAC', NULL, NULL),
(16, 'SAC', NULL, NULL),
(17, 'SAC(T)', NULL, NULL);

-- --------------------------------------------------------

--
-- Table structure for table `receipts`
--

CREATE TABLE `receipts` (
  `receipt_id` int(11) NOT NULL,
  `stock_id` int(11) NOT NULL,
  `supplier_id` int(11) NOT NULL,
  `_qty` int(11) NOT NULL,
  `_date` datetime NOT NULL,
  `user_id` varchar(128) NOT NULL,
  `createdAt` datetime NOT NULL,
  `updatedAt` datetime NOT NULL
) ENGINE=InnoDB DEFAULT CHARSET=utf8mb4;

-- --------------------------------------------------------

--
-- Table structure for table `requests`
--

CREATE TABLE `requests` (
  `request_id` int(11) NOT NULL,
  `requested_by` int(11) NOT NULL,
  `stock_id` int(11) NOT NULL,
  `_qty` int(11) NOT NULL,
  `requested_for` int(11) NOT NULL,
  `_date` datetime NOT NULL,
  `_status` varchar(15) NOT NULL,
  `_date_approved` datetime DEFAULT NULL,
  `approved_by` int(11) DEFAULT NULL,
  `order_id` int(11) DEFAULT NULL,
  `createdAt` datetime NOT NULL,
  `updatedAt` datetime NOT NULL
) ENGINE=InnoDB DEFAULT CHARSET=utf8mb4;

--
-- Dumping data for table `requests`
--

INSERT INTO `requests` (`request_id`, `requested_by`, `stock_id`, `_qty`, `requested_for`, `_date`, `_status`, `_date_approved`, `approved_by`, `order_id`, `createdAt`, `updatedAt`) VALUES
(1, 9, 84, 1, 9, '2019-11-06 20:53:55', 'Pending', NULL, NULL, NULL, '2019-11-06 20:53:55', '2019-11-06 20:53:55');

-- --------------------------------------------------------

--
-- Table structure for table `saved_reports`
--

CREATE TABLE `saved_reports` (
  `report_id` int(11) NOT NULL,
  `_name` varchar(20) NOT NULL,
  `_filename` varchar(1000) NOT NULL,
  `createdAt` datetime NOT NULL,
  `updatedAt` datetime NOT NULL
) ENGINE=InnoDB DEFAULT CHARSET=utf8mb4;

-- --------------------------------------------------------

--
-- Table structure for table `settings`
--

CREATE TABLE `settings` (
  `setting_id` int(11) NOT NULL,
  `_name` varchar(45) NOT NULL,
  `_value` varchar(255) NOT NULL,
  `createdAt` datetime NOT NULL,
  `updatedAt` datetime NOT NULL
) ENGINE=InnoDB DEFAULT CHARSET=utf8mb4;

--
-- Dumping data for table `settings`
--

INSERT INTO `settings` (`setting_id`, `_name`, `_value`, `createdAt`, `updatedAt`) VALUES
(1, 'Email_Address', 'idsoftwareer@gmail.com', '0000-00-00 00:00:00', '0000-00-00 00:00:00'),
(2, 'Email_Host', 'smtp.gmail.com', '0000-00-00 00:00:00', '0000-00-00 00:00:00'),
(3, 'Email_Password', 'DHFl3Yvy76BbbwopWPEL0u6zim9aB3mQYzcRRzotQmHWP5oCWBm2yw==', '0000-00-00 00:00:00', '0000-00-00 00:00:00'),
(4, 'Email_Port', '587', '0000-00-00 00:00:00', '0000-00-00 00:00:00'),
(5, 'Email_SSL', 'True', '0000-00-00 00:00:00', '0000-00-00 00:00:00'),
(6, 'Email_Username', '5aRhkwrLPS8VnBvTSOVpN5SxmYMBBszTqPew/vX0GuAsEhbftj4DkKoO7KtNMido', '0000-00-00 00:00:00', '0000-00-00 00:00:00'),
(7, 'Print_Loan_Card', 'False', '0000-00-00 00:00:00', '0000-00-00 00:00:00'),
(8, 'Print_Loan_Card_Outline', 'True', '0000-00-00 00:00:00', '0000-00-00 00:00:00'),
(9, 'Stocktake', 'False', '0000-00-00 00:00:00', '0000-00-00 00:00:00'),
(10, 'Stocktake_First_Count', 'False', '0000-00-00 00:00:00', '0000-00-00 00:00:00'),
(11, 'Stocktake_Inventory', '1', '0000-00-00 00:00:00', '0000-00-00 00:00:00'),
(12, 'Inventory_Code', 'JBU', '0000-00-00 00:00:00', '0000-00-00 00:00:00'),
(13, 'Inventory_Sqn', '1801 (Alnwick)', '0000-00-00 00:00:00', '0000-00-00 00:00:00'),
(14, 'Inventory_Wing', 'Durham & Northumberland', '0000-00-00 00:00:00', '0000-00-00 00:00:00'),
(15, 'Inventory_Holder', 'Rhiannon McGrail', '0000-00-00 00:00:00', '0000-00-00 00:00:00'),
(16, 'Inventory_Rank', 'FS (RAFAC)', '0000-00-00 00:00:00', '0000-00-00 00:00:00'),
(17, 'Inventory_Parent_Unit', 'RAF Boulmer', '0000-00-00 00:00:00', '0000-00-00 00:00:00'),
(18, 'Inventory_Email', 'oc.1801@aircadets.org', '0000-00-00 00:00:00', '0000-00-00 00:00:00');

-- --------------------------------------------------------

--
-- Table structure for table `sizes`
--

CREATE TABLE `sizes` (
  `size_id` int(11) NOT NULL,
  `_text` varchar(15) NOT NULL,
  `updatedAt` datetime DEFAULT NULL,
  `createdAt` datetime DEFAULT NULL
) ENGINE=InnoDB DEFAULT CHARSET=utf8mb4;

--
-- Dumping data for table `sizes`
--

INSERT INTO `sizes` (`size_id`, `_text`, `updatedAt`, `createdAt`) VALUES
(1, '64/114', NULL, NULL),
(2, 'None', NULL, NULL),
(3, '48', NULL, NULL),
(4, '49', NULL, NULL),
(5, '50', NULL, NULL),
(6, '51', NULL, NULL),
(7, '52', NULL, NULL),
(8, '53', NULL, NULL),
(9, '54', NULL, NULL),
(10, '55', NULL, NULL),
(11, '56', NULL, NULL),
(12, '57', NULL, NULL),
(13, '58', NULL, NULL),
(14, '59', NULL, NULL),
(15, '60', NULL, NULL),
(16, '61', NULL, NULL),
(17, '62', NULL, NULL),
(18, '160/84', NULL, NULL),
(19, '170/92', NULL, NULL),
(20, '170/100', NULL, NULL),
(21, '170/108', NULL, NULL),
(22, '180/92', NULL, NULL),
(23, '180/100', NULL, NULL),
(24, '180/108', NULL, NULL),
(25, '190/100', NULL, NULL),
(26, '190/108', NULL, NULL),
(27, '190/116', NULL, NULL),
(29, '1', NULL, NULL),
(30, '74', NULL, NULL),
(31, '82', NULL, NULL),
(32, '88', NULL, NULL),
(33, '94', NULL, NULL),
(34, '100', NULL, NULL),
(35, '106', NULL, NULL),
(36, '112', NULL, NULL),
(37, '118', NULL, NULL),
(39, '71/100/124', NULL, NULL),
(40, '75/64/92', NULL, NULL),
(41, '75/100/124', NULL, NULL),
(42, '75/104/128', NULL, NULL),
(43, '66/68/74', NULL, NULL),
(44, '69/72/84', NULL, NULL),
(45, '72/72/88', NULL, NULL),
(46, '72/76/92', NULL, NULL),
(47, '72/80/96', NULL, NULL),
(48, '72/84/100', NULL, NULL),
(49, '72/88/104', NULL, NULL),
(50, '75/72/88', NULL, NULL),
(51, '75/76/92', NULL, NULL),
(52, '75/80/96', NULL, NULL),
(53, '75/84/100', NULL, NULL),
(54, '75/88/104', NULL, NULL),
(55, '75/92/108', NULL, NULL),
(56, '80/72/88', NULL, NULL),
(57, '80/76/92', NULL, NULL),
(58, '80/80/96', NULL, NULL),
(59, '80/84/100', NULL, NULL),
(60, '80/88/104', NULL, NULL),
(61, '80/92/108', NULL, NULL),
(62, '80/96/112', NULL, NULL),
(63, '80/100/116', NULL, NULL),
(64, '80/104/120', NULL, NULL),
(65, '85/76/92', NULL, NULL),
(66, '85/80/96', NULL, NULL),
(67, '85/84/100', NULL, NULL),
(68, '85/88/104', NULL, NULL),
(69, '85/92/108', NULL, NULL),
(70, '85/96/112', NULL, NULL),
(71, '85/100/116', NULL, NULL),
(72, '85/104/120', NULL, NULL),
(73, '85/108/124', NULL, NULL),
(74, '114/130', NULL, NULL),
(75, '160/88', NULL, NULL),
(76, '160/96', NULL, NULL),
(77, '160/104', NULL, NULL),
(78, '170/88', NULL, NULL),
(79, '170/96', NULL, NULL),
(80, '170/104', NULL, NULL),
(81, '170/112', NULL, NULL),
(82, '180/96', NULL, NULL),
(83, '180/104', NULL, NULL),
(84, '180/112', NULL, NULL),
(85, '190/96', NULL, NULL),
(86, '190/104', NULL, NULL),
(87, '190/112', NULL, NULL),
(88, '190/120', NULL, NULL),
(89, '72/64/92', NULL, NULL),
(90, '72/68/96', NULL, NULL),
(91, '72/72/104', NULL, NULL),
(92, '72/76/104', NULL, NULL),
(93, '72/80/108', NULL, NULL),
(94, '72/84/108', NULL, NULL),
(95, '72/88/112', NULL, NULL),
(96, '77/64/92', NULL, NULL),
(97, '77/68/96', NULL, NULL),
(98, '77/72/100', NULL, NULL),
(99, '77/76/104', NULL, NULL),
(100, '77/80/108', NULL, NULL),
(101, '77/84/108', NULL, NULL),
(102, '77/88/112', NULL, NULL),
(103, '77/92/116', NULL, NULL),
(104, '82/68/96', NULL, NULL),
(105, '82/72/100', NULL, NULL),
(106, '82/76/104', NULL, NULL),
(107, '82/80/108', NULL, NULL),
(108, '82/84/108', NULL, NULL),
(109, '124', NULL, NULL),
(110, '130', NULL, NULL),
(111, '136', NULL, NULL),
(112, '75/68/84', NULL, NULL),
(113, '85/112/108', NULL, NULL),
(114, '90/112/108', NULL, NULL),
(115, '67/92/120', NULL, NULL),
(116, '67/96/124', NULL, NULL),
(117, '71/96/124', NULL, NULL),
(118, '75/88/116', NULL, NULL),
(119, '75/92/120', NULL, NULL),
(120, '75/96/124', NULL, NULL),
(121, '72/92/120', NULL, NULL),
(122, '72/96/124', NULL, NULL),
(123, '77/96/124', NULL, NULL),
(124, '82/88/116', NULL, NULL),
(125, '82/92/120', NULL, NULL),
(126, '82/96/120', NULL, NULL),
(127, '32/88', NULL, NULL),
(128, '33/88', NULL, NULL),
(129, '34/88', NULL, NULL),
(130, '34/92', NULL, NULL),
(131, '35/92', NULL, NULL),
(132, '35/96', NULL, NULL),
(133, '36/96', NULL, NULL),
(134, '36/100', NULL, NULL),
(135, '37/100', NULL, NULL),
(136, '37/104', NULL, NULL),
(137, '38/104', NULL, NULL),
(138, '38/108', NULL, NULL),
(139, '39/108', NULL, NULL),
(140, '39/112', NULL, NULL),
(141, '40/112', NULL, NULL),
(142, '41/112', NULL, NULL),
(143, '43', NULL, NULL),
(144, '44', NULL, NULL),
(145, '45', NULL, NULL),
(146, '31', NULL, NULL),
(147, '32', NULL, NULL),
(148, '33', NULL, NULL),
(149, '34', NULL, NULL),
(150, '35', NULL, NULL),
(151, '36', NULL, NULL),
(152, '37', NULL, NULL),
(153, '38', NULL, NULL),
(154, '39', NULL, NULL),
(155, '40', NULL, NULL),
(156, '41', NULL, NULL),
(157, '42', NULL, NULL),
(158, '46', NULL, NULL),
(159, '47', NULL, NULL),
(160, '32/34', NULL, NULL),
(161, '35/37', NULL, NULL),
(162, '38/40', NULL, NULL),
(163, '41/43', NULL, NULL),
(164, '44/46', NULL, NULL),
(165, '47/48', NULL, NULL),
(166, '63/60/88', NULL, NULL),
(167, '63/64/92', NULL, NULL),
(168, '63/76/104', NULL, NULL),
(169, '67/64/92', NULL, NULL),
(170, '67/68/100', NULL, NULL),
(171, '67/72/104', NULL, NULL),
(172, '67/76/104', NULL, NULL),
(173, '67/80/108', NULL, NULL),
(174, '67/84/112', NULL, NULL),
(175, '67/88/116', NULL, NULL),
(176, '71/64/92', NULL, NULL),
(177, '71/68/100', NULL, NULL),
(178, '71/72/104', NULL, NULL),
(179, '71/76/104', NULL, NULL),
(180, '71/80/108', NULL, NULL),
(181, '71/84/112', NULL, NULL),
(182, '71/88/116', NULL, NULL),
(183, '71/92/120', NULL, NULL),
(184, '75/68/100', NULL, NULL),
(185, '75/72/104', NULL, NULL),
(186, '75/76/104', NULL, NULL),
(187, '75/80/108', NULL, NULL),
(188, '75/84/108', NULL, NULL),
(190, '63/80/108', NULL, NULL),
(191, '66/68/76', NULL, NULL),
(192, 'Short', NULL, NULL),
(193, 'Long', NULL, NULL),
(194, 'One', NULL, NULL),
(195, '180/120', NULL, NULL),
(197, '67/96/120', NULL, NULL),
(198, '67/68/96', NULL, NULL),
(199, '67/72/100', NULL, NULL),
(200, '67/84/108', NULL, NULL),
(201, '67/88/112', NULL, NULL),
(202, '67/92/116', NULL, NULL),
(203, '71/68/96', NULL, NULL),
(204, '71/72/100', NULL, NULL),
(205, '71/84/108', NULL, NULL),
(206, '71/88/112', NULL, NULL),
(207, '71/92/116', NULL, NULL),
(208, '71/96/120', NULL, NULL),
(209, '75/84/112', NULL, NULL),
(210, '75/96/120', NULL, NULL),
(211, 'Badge, 1801', NULL, NULL),
(212, 'Badge, ATC', NULL, NULL),
(213, 'Badge, Beret', NULL, NULL);

-- --------------------------------------------------------

--
-- Table structure for table `statuses`
--

CREATE TABLE `statuses` (
  `status_id` int(11) NOT NULL,
  `_status` varchar(20) NOT NULL,
  `createdAt` datetime DEFAULT NULL,
  `updatedAt` datetime DEFAULT NULL
) ENGINE=InnoDB DEFAULT CHARSET=utf8mb4;

--
-- Dumping data for table `statuses`
--

INSERT INTO `statuses` (`status_id`, `_status`, `createdAt`, `updatedAt`) VALUES
(1, 'Current', NULL, NULL),
(2, 'Suspended', NULL, NULL),
(3, 'Discharged', NULL, NULL),
(4, 'Admin', NULL, NULL);

-- --------------------------------------------------------

--
-- Table structure for table `stocktake_check`
--

CREATE TABLE `stocktake_check` (
  `check_id` int(11) NOT NULL,
  `stock_id` int(11) NOT NULL,
  `_qty` int(11) NOT NULL,
  `_confirmed` tinyint(4) NOT NULL DEFAULT '0',
  `createdAt` datetime NOT NULL,
  `updatedAt` datetime NOT NULL
) ENGINE=InnoDB DEFAULT CHARSET=utf8mb4;

-- --------------------------------------------------------

--
-- Table structure for table `stocktake_count`
--

CREATE TABLE `stocktake_count` (
  `stocktake_id` int(11) NOT NULL,
  `stock_id` int(11) NOT NULL,
  `_location` varchar(45) NOT NULL,
  `_qty` int(11) NOT NULL,
  `createdAt` datetime NOT NULL,
  `updatedAt` datetime NOT NULL
) ENGINE=InnoDB DEFAULT CHARSET=utf8mb4;

-- --------------------------------------------------------

--
-- Table structure for table `stocktake_locations`
--

CREATE TABLE `stocktake_locations` (
  `location_id` int(11) NOT NULL,
  `createdAt` datetime NOT NULL,
  `updatedAt` datetime NOT NULL
) ENGINE=InnoDB DEFAULT CHARSET=utf8mb4;

-- --------------------------------------------------------

--
-- Table structure for table `subtypes`
--

CREATE TABLE `subtypes` (
  `subtype_id` int(11) NOT NULL,
  `_parent` int(11) NOT NULL,
  `_sub_type` varchar(45) NOT NULL,
  `createdAt` datetime DEFAULT NULL,
  `updatedAt` datetime DEFAULT NULL
) ENGINE=InnoDB DEFAULT CHARSET=utf8mb4;

--
-- Dumping data for table `subtypes`
--

INSERT INTO `subtypes` (`subtype_id`, `_parent`, `_sub_type`, `createdAt`, `updatedAt`) VALUES
(1, 1, 'Ties', NULL, NULL),
(2, 1, 'Belts', NULL, NULL),
(3, 5, 'Light Blue', NULL, NULL),
(4, 5, 'Dark Blue', NULL, NULL),
(5, 10, 'Trousers', NULL, NULL),
(6, 10, 'Jackets', NULL, NULL),
(7, 10, 'Smocks', NULL, NULL),
(8, 10, 'Waterproofs', NULL, NULL),
(9, 11, 'Trousers', NULL, NULL),
(10, 11, 'Jackets', NULL, NULL),
(11, 11, 'Smocks', NULL, NULL),
(12, 11, 'Waterproofs', NULL, NULL),
(13, 28, 'Webbing', NULL, NULL),
(14, 28, 'Bergen', NULL, NULL),
(15, 1, 'Other', NULL, NULL),
(16, 2, 'Other', NULL, NULL),
(17, 3, 'Other', NULL, NULL),
(18, 4, 'Other', NULL, NULL),
(19, 5, 'Other', NULL, NULL),
(20, 6, 'Other', NULL, NULL),
(21, 7, 'Other', NULL, NULL),
(22, 8, 'Other', NULL, NULL),
(23, 9, 'Other', NULL, NULL),
(24, 10, 'Other', NULL, NULL),
(25, 11, 'Other', NULL, NULL),
(26, 12, 'Other', NULL, NULL),
(27, 13, 'Other', NULL, NULL),
(28, 14, 'Other', NULL, NULL),
(29, 15, 'Other', NULL, NULL),
(30, 16, 'Other', NULL, NULL),
(31, 17, 'Other', NULL, NULL),
(32, 18, 'Other', NULL, NULL),
(33, 19, 'Other', NULL, NULL),
(34, 20, 'Other', NULL, NULL),
(35, 21, 'Other', NULL, NULL),
(36, 22, 'Other', NULL, NULL),
(37, 23, 'Other', NULL, NULL),
(38, 24, 'Other', NULL, NULL),
(39, 25, 'Other', NULL, NULL),
(40, 26, 'Other', NULL, NULL),
(41, 27, 'Other', NULL, NULL),
(42, 28, 'Other', NULL, NULL),
(43, 2, 'Berets', NULL, NULL);

-- --------------------------------------------------------

--
-- Table structure for table `suppliers`
--

CREATE TABLE `suppliers` (
  `supplier_id` int(11) NOT NULL,
  `_name` varchar(20) NOT NULL,
  `_address1` varchar(45) DEFAULT NULL,
  `_address2` varchar(45) DEFAULT NULL,
  `_address3` varchar(45) DEFAULT NULL,
  `_address4` varchar(45) DEFAULT NULL,
  `_address5` varchar(45) DEFAULT NULL,
  `_telephone` varchar(20) DEFAULT NULL,
  `_stores` tinyint(4) NOT NULL DEFAULT '0',
  `_email` varchar(255) DEFAULT NULL,
  `_default` tinyint(4) NOT NULL DEFAULT '0',
  `createdAt` datetime NOT NULL,
  `updatedAt` datetime NOT NULL
) ENGINE=InnoDB DEFAULT CHARSET=utf8mb4;

--
-- Dumping data for table `suppliers`
--

INSERT INTO `suppliers` (`supplier_id`, `_name`, `_address1`, `_address2`, `_address3`, `_address4`, `_address5`, `_telephone`, `_stores`, `_email`, `_default`, `createdAt`, `updatedAt`) VALUES
(1, 'Parent Stores', NULL, NULL, NULL, NULL, NULL, NULL, 1, NULL, 1, '0000-00-00 00:00:00', '0000-00-00 00:00:00'),
(2, 'Wing HQ', NULL, NULL, NULL, NULL, NULL, NULL, 0, NULL, 0, '0000-00-00 00:00:00', '0000-00-00 00:00:00'),
(3, 'None', NULL, NULL, NULL, NULL, NULL, NULL, 0, NULL, 0, '0000-00-00 00:00:00', '0000-00-00 00:00:00'),
(4, 'Green Frog Promotion', 'Unit 2 (First Floor)', '15 Station Street', 'Whetstone', 'Leicestershire', 'LE8 6JS', '07733 260598', 0, 'sales@greenfrogpromotions.co.uk', 0, '2019-11-06 20:06:35', '2019-11-06 20:06:35');

-- --------------------------------------------------------

--
-- Table structure for table `types`
--

CREATE TABLE `types` (
  `type_id` int(11) NOT NULL,
  `_parent` int(11) DEFAULT NULL,
  `_type` varchar(45) NOT NULL,
  `createdAt` datetime NOT NULL,
  `updatedAt` datetime NOT NULL
) ENGINE=InnoDB DEFAULT CHARSET=utf8mb4;

--
-- Dumping data for table `types`
--

INSERT INTO `types` (`type_id`, `_parent`, `_type`, `createdAt`, `updatedAt`) VALUES
(1, 1, 'Ancilliaries', '0000-00-00 00:00:00', '0000-00-00 00:00:00'),
(2, 3, 'Headwear', '0000-00-00 00:00:00', '0000-00-00 00:00:00'),
(3, 3, 'Badges', '0000-00-00 00:00:00', '0000-00-00 00:00:00'),
(4, 1, 'Shoes', '0000-00-00 00:00:00', '0000-00-00 00:00:00'),
(5, 1, 'Shirts', '0000-00-00 00:00:00', '0000-00-00 00:00:00'),
(6, 1, 'Skirts', '0000-00-00 00:00:00', '0000-00-00 00:00:00'),
(7, 1, 'Jumpers', '0000-00-00 00:00:00', '0000-00-00 00:00:00'),
(8, 1, 'Trousers', '0000-00-00 00:00:00', '0000-00-00 00:00:00'),
(9, 1, 'Foul Weather', '0000-00-00 00:00:00', '0000-00-00 00:00:00'),
(10, 2, 'PCS', '0000-00-00 00:00:00', '0000-00-00 00:00:00'),
(11, 2, 'S95', '0000-00-00 00:00:00', '0000-00-00 00:00:00'),
(12, 8, 'Gas', '0000-00-00 00:00:00', '0000-00-00 00:00:00'),
(13, 8, 'Stoves', '0000-00-00 00:00:00', '0000-00-00 00:00:00'),
(14, 9, 'Mats', '0000-00-00 00:00:00', '0000-00-00 00:00:00'),
(15, 9, 'Bags', '0000-00-00 00:00:00', '0000-00-00 00:00:00'),
(16, 1, 'Slacks', '0000-00-00 00:00:00', '0000-00-00 00:00:00'),
(17, 2, 'Boots', '0000-00-00 00:00:00', '0000-00-00 00:00:00'),
(18, 1, 'Other', '0000-00-00 00:00:00', '0000-00-00 00:00:00'),
(19, 2, 'Other', '0000-00-00 00:00:00', '0000-00-00 00:00:00'),
(20, 3, 'Other', '0000-00-00 00:00:00', '0000-00-00 00:00:00'),
(21, 4, 'Other', '0000-00-00 00:00:00', '0000-00-00 00:00:00'),
(22, 5, 'Other', '0000-00-00 00:00:00', '0000-00-00 00:00:00'),
(23, 6, 'Other', '0000-00-00 00:00:00', '0000-00-00 00:00:00'),
(24, 7, 'Other', '0000-00-00 00:00:00', '0000-00-00 00:00:00'),
(25, 8, 'Other', '0000-00-00 00:00:00', '0000-00-00 00:00:00'),
(26, 9, 'Other', '0000-00-00 00:00:00', '0000-00-00 00:00:00'),
(27, 10, 'Other', '0000-00-00 00:00:00', '0000-00-00 00:00:00'),
(28, 2, 'Equipment', '0000-00-00 00:00:00', '0000-00-00 00:00:00');

-- --------------------------------------------------------

--
-- Table structure for table `users`
--

CREATE TABLE `users` (
  `user_id` int(11) NOT NULL,
  `_bader` varchar(20) NOT NULL,
  `_name` varchar(50) NOT NULL,
  `_ini` varchar(5) DEFAULT NULL,
  `rank_id` int(11) DEFAULT NULL,
  `gender_id` int(11) DEFAULT NULL,
  `status_id` int(11) NOT NULL DEFAULT '12',
  `_login_id` varchar(30) NOT NULL,
  `_password` varchar(255) NOT NULL,
  `_salt` varchar(255) NOT NULL,
  `_reset` tinyint(4) NOT NULL DEFAULT '1',
  `_last_login` datetime DEFAULT NULL,
  `createdAt` datetime NOT NULL,
  `updatedAt` datetime NOT NULL
) ENGINE=InnoDB DEFAULT CHARSET=utf8mb4;

--
-- Dumping data for table `users`
--

INSERT INTO `users` (`user_id`, `_bader`, `_name`, `_ini`, `rank_id`, `gender_id`, `status_id`, `_login_id`, `_password`, `_salt`, `_reset`, `_last_login`, `createdAt`, `updatedAt`) VALUES
(1, 'admin', 'Administrator', '', 13, 5, 4, 'admin', '$2b$10$ZI5hx9zS/9DFEau3eGPC1uzYjVgVUs/wj8nO3KGRmSO1dFNQq0qRi', '$2b$10$ZI5hx9zS/9DFEau3eGPC1u', 0, '2016-10-31 00:00:00', '2019-10-30 17:16:06', '2019-10-30 17:16:06'),
(2, '30215564', 'Davis', 'I', 17, 1, 1, '30215564', '$2b$10$VtQAkp4KP2YCxFQ.Nhdm3esJ6dBV6WPRVzmgBGyi60VxwMnX2gU9q', '$2b$10$VtQAkp4KP2YCxFQ.Nhdm3e', 0, NULL, '2019-10-30 17:16:06', '2019-11-04 20:03:33'),
(3, '1311720016002', 'Anitche', 'SM', 1, 2, 1, '1311720016002', '$2b$10$r9OyidE8JzqNlXWoA.lTO.8EEyu/Cf16SVNEDWXPWhShtB/D3uop2', '$2b$10$r9OyidE8JzqNlXWoA.lTO.', 1, NULL, '2019-10-30 17:16:06', '2019-10-30 17:16:06'),
(4, '1311720016028', 'Anitche', 'C', 2, 1, 1, '1311720016028', '$2b$10$JlaH4d7LxfQEbc4lCQCxiuZ/KTKQaZhxZqKnW9Inwy1LPhjDddan2', '$2b$10$JlaH4d7LxfQEbc4lCQCxiu', 1, NULL, '2019-10-30 17:16:58', '2019-10-30 17:16:58'),
(5, '2118010019007', 'Bainbridge', 'J', 1, 1, 1, '2118010019007', '$2b$10$tYAitx4.6soKS8cxFJp/ae/AP6a0mCEKf23PdCI1PK9vaFI4qKwcG', '$2b$10$tYAitx4.6soKS8cxFJp/ae', 1, NULL, '2019-10-30 17:17:49', '2019-10-30 17:17:49'),
(6, '2118010015006', 'Browell', 'I', 1, 2, 1, '2118010015006', '$2b$10$IrYBVSqvMIEB/OCKguuXaePvHuVA5R5QQ1ktK/sHdoloLSvmUq5je', '$2b$10$IrYBVSqvMIEB/OCKguuXae', 1, NULL, '2019-10-30 17:18:27', '2019-10-30 17:18:27'),
(7, '2118010017007', 'Brown', 'T', 1, 1, 1, '2118010017007', '$2b$10$WW4hliZoHauYEx.7wwyGD.PNu6k1XWQ7pWfQjWak2fTi4E.boJGlK', '$2b$10$WW4hliZoHauYEx.7wwyGD.', 1, NULL, '2019-10-30 17:19:07', '2019-10-30 17:19:07'),
(8, '2118010018005', 'Carnegie', 'GA', 1, 2, 1, '2118010018005', '$2b$10$cNuOkCsspNiDXUIddzigAuoRzi5W6wIl4Xz7ry9eMxXCSZkF8ApH6', '$2b$10$cNuOkCsspNiDXUIddzigAu', 1, NULL, '2019-10-30 17:19:49', '2019-10-30 17:19:49'),
(9, '2118010016017', 'Cheesmer', 'T', 1, 1, 1, '2118010016017', '$2b$10$MSv/hlr9TaBlf0TYTG.SK.0gMQLxUt0VSD9EweG3P053JsyMoGY22', '$2b$10$MSv/hlr9TaBlf0TYTG.SK.', 0, NULL, '2019-10-30 17:20:24', '2019-11-04 19:56:54'),
(10, '2118010019005', 'Clayton', 'B', 1, 1, 1, '2118010019005', '$2b$10$TUwpJD1O4zX2Aid2//hKBOBiH8xOFi4tZL8IMvq/4jQkZg1tC7mhi', '$2b$10$TUwpJD1O4zX2Aid2//hKBO', 1, NULL, '2019-10-30 17:20:55', '2019-10-30 17:20:55'),
(11, '2118010018009', 'Davison', 'G', 1, 2, 1, '2118010018009', '$2b$10$MGP78jxqmbDVe/2puT95B.nvOk1SaCDKigCAbeYcKMjGXLj1BhCWC', '$2b$10$MGP78jxqmbDVe/2puT95B.', 1, NULL, '2019-10-30 17:21:39', '2019-10-30 17:21:39'),
(12, '2118010018001', 'Dunn', 'S', 1, 1, 1, '2118010018001', '$2b$10$mA4ZR49knTOJDC5xn3kBouUj7V73Xus1V1ZK3cdpBJI3/YXu.3zTK', '$2b$10$mA4ZR49knTOJDC5xn3kBou', 1, NULL, '2019-10-30 17:22:15', '2019-10-30 17:22:15'),
(13, '2118010019006', 'Field', 'T', 1, 1, 1, '2118010019006', '$2b$10$DIyKl5cuI5llAj8PY60wK.ED2sIGE74lwvPHlSPIQcTfgeGh00g1u', '$2b$10$DIyKl5cuI5llAj8PY60wK.', 1, NULL, '2019-10-30 17:22:48', '2019-10-30 17:22:48'),
(14, '2118010018006', 'Gardner', 'A', 1, 1, 1, '2118010018006', '$2b$10$Pxr34sG5BmmRgxdsGvwKJeej9hYH/6qJkkHNFaR6xbVUeo6npZVMO', '$2b$10$Pxr34sG5BmmRgxdsGvwKJe', 1, NULL, '2019-10-30 17:24:59', '2019-10-30 17:24:59'),
(15, '2118010019008', 'Gladstone', 'T', 1, 1, 1, '2118010019008', '$2b$10$YKnTqBjboNqKrAs5q4vd8ur2PUjhhJV5ZGHuAcK1ol2O70ztmxfyK', '$2b$10$YKnTqBjboNqKrAs5q4vd8u', 1, NULL, '2019-10-30 17:25:22', '2019-10-30 17:25:22'),
(16, '2118010018007', 'Mitchell', 'D', 1, 1, 1, '2118010018007', '$2b$10$tMWN7zaoCPpsLxHkxTsxoOrINnB.H1N4nZ6Wm8DaHyeLfzX7CRGXK', '$2b$10$tMWN7zaoCPpsLxHkxTsxoO', 1, NULL, '2019-10-30 17:26:00', '2019-10-30 17:26:00'),
(17, '2118010016010', 'Mitchell', 'A', 3, 1, 1, '2118010016010', '$2b$10$lidf7py38gF32kdM91SrJOgVx9iIFUsHT3cRFlPcYde58nLLXgfJm', '$2b$10$lidf7py38gF32kdM91SrJO', 1, NULL, '2019-10-30 17:26:27', '2019-10-30 17:26:27'),
(18, '2118010019003', 'Scollick', 'D', 1, 1, 1, '2118010019003', '$2b$10$S9583cQZrffNuw9oYK8xbu5ZGX/ML3NBF0Pot/NfL5zY786WYtPAq', '$2b$10$S9583cQZrffNuw9oYK8xbu', 1, NULL, '2019-10-30 17:27:48', '2019-10-30 17:27:48'),
(19, '2118010019009', 'Scott', 'J', 1, 1, 1, '2118010019009', '$2b$10$pN1uYZF6xNxgd/SAhaLv4.kMNiSF9yIsMxqnRYqdTrZbtBuSlDfza', '$2b$10$pN1uYZF6xNxgd/SAhaLv4.', 1, NULL, '2019-10-30 17:28:09', '2019-10-30 17:28:09'),
(20, '1311720016007', 'Slater', 'B', 1, 2, 1, '1311720016007', '$2b$10$76N6e4KmIZq/kBpr/pn3Gu0HxIGtOfjcwte6SfN7UU5OvCE3a/bTG', '$2b$10$76N6e4KmIZq/kBpr/pn3Gu', 1, NULL, '2019-10-30 17:28:33', '2019-10-30 17:28:33'),
(21, '2118010018008', 'Smith', 'J', 1, 1, 1, '2118010018008', '$2b$10$8qkaIluUP8iMbAQNzpUV2eOg5YSj2lCuJjwrPkbzjOkjwsjtyR2VG', '$2b$10$8qkaIluUP8iMbAQNzpUV2e', 1, NULL, '2019-10-30 17:28:59', '2019-10-30 17:28:59'),
(22, '2118010019002', 'Smith', 'CA', 1, 2, 1, '2118010019002', '$2b$10$7nY2BnEwZvHF4f25IlMoUuuSQ4s46tZhXTK3UJUNo1ex/GIBOWdRC', '$2b$10$7nY2BnEwZvHF4f25IlMoUu', 1, NULL, '2019-10-30 17:29:19', '2019-10-30 17:29:19'),
(23, '2118010017004', 'Taylor', 'J', 1, 1, 1, '2118010017004', '$2b$10$L8i0AQ1MF11ATaCaMoC2XOje/Bxj4YMfZwg2LsVIJq9oP9Qhc/QT.', '$2b$10$L8i0AQ1MF11ATaCaMoC2XO', 1, NULL, '2019-10-30 17:29:48', '2019-10-30 17:29:48'),
(24, '1311720016020', 'Taylor', 'H', 2, 1, 1, '1311720016020', '$2b$10$SmE9cmjAF8ZF51XPDMxCl.cvBlKhLumX2I1s8kX.LZjc06xSGzpfm', '$2b$10$SmE9cmjAF8ZF51XPDMxCl.', 1, NULL, '2019-10-30 17:30:09', '2019-10-30 17:30:09'),
(25, '2118010013002', 'Wallace', 'C', 4, 1, 1, '2118010013002', '$2b$10$OwvF/oxJpSdIFZxa6/uHNeqVcUkO1Thr30dZJi1KxgcCJsDnmxo5.', '$2b$10$OwvF/oxJpSdIFZxa6/uHNe', 0, NULL, '2019-10-30 17:30:37', '2019-11-04 20:31:29'),
(26, '00230892', 'Buxton', 'C', 14, 1, 1, '00230892', '$2b$10$5gUOIUf2y5s7g2Ty6ytxquBL0DNZZG5QKaeAmpKNd95pnrAtpxQBC', '$2b$10$5gUOIUf2y5s7g2Ty6ytxqu', 1, NULL, '2019-10-30 17:31:27', '2019-10-30 17:31:27'),
(27, '00234643', 'Cheesmer', 'T', 14, 2, 1, '00234643', '$2b$10$NBysUTi/HPG6lDcNPjTjEuZWttJqMs1.72jPrQpeskrN5abzyRFpu', '$2b$10$NBysUTi/HPG6lDcNPjTjEu', 1, NULL, '2019-10-30 17:31:51', '2019-10-30 17:31:51'),
(28, '00228365', 'Don', 'A', 14, 2, 1, '00228365', '$2b$10$xEa2/r2pq62szJedZXr2p.o60saUmy44OFv7zQczet5LPZFDZq3KW', '$2b$10$xEa2/r2pq62szJedZXr2p.', 1, NULL, '2019-10-30 17:32:15', '2019-10-30 17:32:15'),
(29, '30109073', 'Haslam', 'D', 12, 1, 1, '30109073', '$2b$10$RZG7O1h/edeIi0AyHToHc.ovfBXI9BSMmUZP/1PT262jB8a86.5rq', '$2b$10$RZG7O1h/edeIi0AyHToHc.', 1, NULL, '2019-10-30 17:32:46', '2019-10-30 17:32:46'),
(30, 'K2698351', 'McGrail', 'R', 7, 2, 1, 'K2698351', '$2b$10$VUdItawKbDSHqwUBSi5MhOvROO5Rn9NzQblXNg8U1Dbu8GLv5ZW5m', '$2b$10$VUdItawKbDSHqwUBSi5MhO', 1, NULL, '2019-10-30 17:33:12', '2019-11-06 20:17:32'),
(31, '00232281', 'Wallace', 'M', 14, 1, 1, '00232281', '$2b$10$DZP49XnIyXbPYl46m2jop.cjB/KBCWAFHN2MLUVQxTUGiLQpnpMdm', '$2b$10$DZP49XnIyXbPYl46m2jop.', 1, NULL, '2019-10-30 17:33:39', '2019-10-30 17:33:39');

--
-- Indexes for dumped tables
--

--
-- Indexes for table `adjusts`
--
ALTER TABLE `adjusts`
  ADD PRIMARY KEY (`count_id`),
  ADD UNIQUE KEY `count_id_UNIQUE` (`count_id`);

--
-- Indexes for table `categories`
--
ALTER TABLE `categories`
  ADD PRIMARY KEY (`category_id`),
  ADD UNIQUE KEY `category_id_UNIQUE` (`category_id`);

--
-- Indexes for table `demands`
--
ALTER TABLE `demands`
  ADD PRIMARY KEY (`demand_id`),
  ADD UNIQUE KEY `demand_UNIQUE` (`demand_id`);

--
-- Indexes for table `demand_lines`
--
ALTER TABLE `demand_lines`
  ADD PRIMARY KEY (`line_id`);

--
-- Indexes for table `genders`
--
ALTER TABLE `genders`
  ADD PRIMARY KEY (`gender_id`),
  ADD UNIQUE KEY `gender_id_UNIQUE` (`gender_id`);

--
-- Indexes for table `groups`
--
ALTER TABLE `groups`
  ADD PRIMARY KEY (`group_id`),
  ADD UNIQUE KEY `group_id_UNIQUE` (`group_id`);

--
-- Indexes for table `issues`
--
ALTER TABLE `issues`
  ADD PRIMARY KEY (`issue_id`),
  ADD UNIQUE KEY `issued_id_UNIQUE` (`issue_id`);

--
-- Indexes for table `items`
--
ALTER TABLE `items`
  ADD PRIMARY KEY (`item_id`),
  ADD UNIQUE KEY `item_id_UNIQUE` (`item_id`);

--
-- Indexes for table `item_locations`
--
ALTER TABLE `item_locations`
  ADD PRIMARY KEY (`location_id`),
  ADD UNIQUE KEY `location_id_UNIQUE` (`location_id`);

--
-- Indexes for table `item_nsns`
--
ALTER TABLE `item_nsns`
  ADD PRIMARY KEY (`nsn_id`),
  ADD UNIQUE KEY `stocknum_id_UNIQUE` (`nsn_id`),
  ADD UNIQUE KEY `stocknum_UNIQUE` (`_nsn`);

--
-- Indexes for table `item_sizes`
--
ALTER TABLE `item_sizes`
  ADD PRIMARY KEY (`stock_id`);

--
-- Indexes for table `loancardlines`
--
ALTER TABLE `loancardlines`
  ADD PRIMARY KEY (`line_id`);

--
-- Indexes for table `loancards`
--
ALTER TABLE `loancards`
  ADD PRIMARY KEY (`loancard_id`),
  ADD UNIQUE KEY `LOAN_CARD_ID_UNIQUE` (`loancard_id`);

--
-- Indexes for table `notes`
--
ALTER TABLE `notes`
  ADD PRIMARY KEY (`note_id`),
  ADD UNIQUE KEY `NOTEID_UNIQUE` (`note_id`);

--
-- Indexes for table `orders`
--
ALTER TABLE `orders`
  ADD PRIMARY KEY (`order_id`),
  ADD UNIQUE KEY `order_id_UNIQUE` (`order_id`);

--
-- Indexes for table `permissions`
--
ALTER TABLE `permissions`
  ADD PRIMARY KEY (`user_id`);

--
-- Indexes for table `ranks`
--
ALTER TABLE `ranks`
  ADD PRIMARY KEY (`rank_id`),
  ADD UNIQUE KEY `rank_id_UNIQUE` (`rank_id`);

--
-- Indexes for table `receipts`
--
ALTER TABLE `receipts`
  ADD PRIMARY KEY (`receipt_id`),
  ADD UNIQUE KEY `receipt_id_UNIQUE` (`receipt_id`);

--
-- Indexes for table `requests`
--
ALTER TABLE `requests`
  ADD PRIMARY KEY (`request_id`),
  ADD UNIQUE KEY `REQUESTID_UNIQUE` (`request_id`);

--
-- Indexes for table `saved_reports`
--
ALTER TABLE `saved_reports`
  ADD PRIMARY KEY (`report_id`),
  ADD UNIQUE KEY `report_id_UNIQUE` (`report_id`);

--
-- Indexes for table `settings`
--
ALTER TABLE `settings`
  ADD PRIMARY KEY (`setting_id`),
  ADD UNIQUE KEY `SETTINGS_NAME_UNIQUE` (`_name`),
  ADD UNIQUE KEY `setting_id_UNIQUE` (`setting_id`);

--
-- Indexes for table `sizes`
--
ALTER TABLE `sizes`
  ADD PRIMARY KEY (`size_id`),
  ADD UNIQUE KEY `size_id_UNIQUE` (`size_id`),
  ADD UNIQUE KEY `_text_UNIQUE` (`_text`);

--
-- Indexes for table `statuses`
--
ALTER TABLE `statuses`
  ADD PRIMARY KEY (`status_id`),
  ADD UNIQUE KEY `status_id_UNIQUE` (`status_id`);

--
-- Indexes for table `stocktake_check`
--
ALTER TABLE `stocktake_check`
  ADD PRIMARY KEY (`check_id`),
  ADD UNIQUE KEY `STOCKNUM_UNIQUE` (`stock_id`),
  ADD UNIQUE KEY `check_id_UNIQUE` (`check_id`);

--
-- Indexes for table `stocktake_count`
--
ALTER TABLE `stocktake_count`
  ADD PRIMARY KEY (`stocktake_id`),
  ADD UNIQUE KEY `count_id_UNIQUE` (`stocktake_id`);

--
-- Indexes for table `stocktake_locations`
--
ALTER TABLE `stocktake_locations`
  ADD PRIMARY KEY (`location_id`);

--
-- Indexes for table `subtypes`
--
ALTER TABLE `subtypes`
  ADD PRIMARY KEY (`subtype_id`),
  ADD UNIQUE KEY `subtype_id_UNIQUE` (`subtype_id`);

--
-- Indexes for table `suppliers`
--
ALTER TABLE `suppliers`
  ADD PRIMARY KEY (`supplier_id`),
  ADD UNIQUE KEY `SUPPLIERID_UNIQUE` (`supplier_id`);

--
-- Indexes for table `types`
--
ALTER TABLE `types`
  ADD PRIMARY KEY (`type_id`),
  ADD UNIQUE KEY `combo_id_UNIQUE` (`type_id`);

--
-- Indexes for table `users`
--
ALTER TABLE `users`
  ADD PRIMARY KEY (`user_id`),
  ADD UNIQUE KEY `user_id_UNIQUE` (`user_id`,`_bader`,`_login_id`),
  ADD UNIQUE KEY `_bader_UNIQUE` (`_bader`),
  ADD UNIQUE KEY `_login_id_UNIQUE` (`_login_id`),
  ADD KEY `_rank` (`rank_id`),
  ADD KEY `_gender` (`gender_id`),
  ADD KEY `_status` (`status_id`);

--
-- AUTO_INCREMENT for dumped tables
--

--
-- AUTO_INCREMENT for table `adjusts`
--
ALTER TABLE `adjusts`
  MODIFY `count_id` int(11) NOT NULL AUTO_INCREMENT;

--
-- AUTO_INCREMENT for table `categories`
--
ALTER TABLE `categories`
  MODIFY `category_id` int(11) NOT NULL AUTO_INCREMENT, AUTO_INCREMENT=5;

--
-- AUTO_INCREMENT for table `demands`
--
ALTER TABLE `demands`
  MODIFY `demand_id` int(11) NOT NULL AUTO_INCREMENT;

--
-- AUTO_INCREMENT for table `demand_lines`
--
ALTER TABLE `demand_lines`
  MODIFY `line_id` int(11) NOT NULL AUTO_INCREMENT;

--
-- AUTO_INCREMENT for table `genders`
--
ALTER TABLE `genders`
  MODIFY `gender_id` int(11) NOT NULL AUTO_INCREMENT, AUTO_INCREMENT=6;

--
-- AUTO_INCREMENT for table `groups`
--
ALTER TABLE `groups`
  MODIFY `group_id` int(11) NOT NULL AUTO_INCREMENT, AUTO_INCREMENT=11;

--
-- AUTO_INCREMENT for table `issues`
--
ALTER TABLE `issues`
  MODIFY `issue_id` int(11) NOT NULL AUTO_INCREMENT, AUTO_INCREMENT=48;

--
-- AUTO_INCREMENT for table `items`
--
ALTER TABLE `items`
  MODIFY `item_id` int(11) NOT NULL AUTO_INCREMENT, AUTO_INCREMENT=31;

--
-- AUTO_INCREMENT for table `item_locations`
--
ALTER TABLE `item_locations`
  MODIFY `location_id` int(11) NOT NULL AUTO_INCREMENT, AUTO_INCREMENT=87;

--
-- AUTO_INCREMENT for table `item_nsns`
--
ALTER TABLE `item_nsns`
  MODIFY `nsn_id` int(11) NOT NULL AUTO_INCREMENT, AUTO_INCREMENT=270;

--
-- AUTO_INCREMENT for table `item_sizes`
--
ALTER TABLE `item_sizes`
  MODIFY `stock_id` int(11) NOT NULL AUTO_INCREMENT, AUTO_INCREMENT=229;

--
-- AUTO_INCREMENT for table `loancardlines`
--
ALTER TABLE `loancardlines`
  MODIFY `line_id` int(11) NOT NULL AUTO_INCREMENT, AUTO_INCREMENT=48;

--
-- AUTO_INCREMENT for table `loancards`
--
ALTER TABLE `loancards`
  MODIFY `loancard_id` int(11) NOT NULL AUTO_INCREMENT, AUTO_INCREMENT=14;

--
-- AUTO_INCREMENT for table `notes`
--
ALTER TABLE `notes`
  MODIFY `note_id` int(11) NOT NULL AUTO_INCREMENT, AUTO_INCREMENT=51;

--
-- AUTO_INCREMENT for table `orders`
--
ALTER TABLE `orders`
  MODIFY `order_id` int(11) NOT NULL AUTO_INCREMENT;

--
-- AUTO_INCREMENT for table `ranks`
--
ALTER TABLE `ranks`
  MODIFY `rank_id` int(11) NOT NULL AUTO_INCREMENT, AUTO_INCREMENT=18;

--
-- AUTO_INCREMENT for table `receipts`
--
ALTER TABLE `receipts`
  MODIFY `receipt_id` int(11) NOT NULL AUTO_INCREMENT;

--
-- AUTO_INCREMENT for table `requests`
--
ALTER TABLE `requests`
  MODIFY `request_id` int(11) NOT NULL AUTO_INCREMENT, AUTO_INCREMENT=2;

--
-- AUTO_INCREMENT for table `saved_reports`
--
ALTER TABLE `saved_reports`
  MODIFY `report_id` int(11) NOT NULL AUTO_INCREMENT;

--
-- AUTO_INCREMENT for table `settings`
--
ALTER TABLE `settings`
  MODIFY `setting_id` int(11) NOT NULL AUTO_INCREMENT, AUTO_INCREMENT=19;

--
-- AUTO_INCREMENT for table `sizes`
--
ALTER TABLE `sizes`
  MODIFY `size_id` int(11) NOT NULL AUTO_INCREMENT, AUTO_INCREMENT=214;

--
-- AUTO_INCREMENT for table `statuses`
--
ALTER TABLE `statuses`
  MODIFY `status_id` int(11) NOT NULL AUTO_INCREMENT, AUTO_INCREMENT=5;

--
-- AUTO_INCREMENT for table `stocktake_check`
--
ALTER TABLE `stocktake_check`
  MODIFY `check_id` int(11) NOT NULL AUTO_INCREMENT;

--
-- AUTO_INCREMENT for table `stocktake_count`
--
ALTER TABLE `stocktake_count`
  MODIFY `stocktake_id` int(11) NOT NULL AUTO_INCREMENT;

--
-- AUTO_INCREMENT for table `stocktake_locations`
--
ALTER TABLE `stocktake_locations`
  MODIFY `location_id` int(11) NOT NULL AUTO_INCREMENT;

--
-- AUTO_INCREMENT for table `subtypes`
--
ALTER TABLE `subtypes`
  MODIFY `subtype_id` int(11) NOT NULL AUTO_INCREMENT, AUTO_INCREMENT=44;

--
-- AUTO_INCREMENT for table `suppliers`
--
ALTER TABLE `suppliers`
  MODIFY `supplier_id` int(11) NOT NULL AUTO_INCREMENT, AUTO_INCREMENT=5;

--
-- AUTO_INCREMENT for table `types`
--
ALTER TABLE `types`
  MODIFY `type_id` int(11) NOT NULL AUTO_INCREMENT, AUTO_INCREMENT=29;

--
-- AUTO_INCREMENT for table `users`
--
ALTER TABLE `users`
  MODIFY `user_id` int(11) NOT NULL AUTO_INCREMENT, AUTO_INCREMENT=32;
COMMIT;

/*!40101 SET CHARACTER_SET_CLIENT=@OLD_CHARACTER_SET_CLIENT */;
/*!40101 SET CHARACTER_SET_RESULTS=@OLD_CHARACTER_SET_RESULTS */;
/*!40101 SET COLLATION_CONNECTION=@OLD_COLLATION_CONNECTION */;
