-- MySQL dump 10.16  Distrib 10.1.38-MariaDB, for debian-linux-gnueabihf (armv7l)
--
-- Host: localhost    Database: stores
-- ------------------------------------------------------
-- Server version	10.1.38-MariaDB-0+deb9u1

/*!40101 SET @OLD_CHARACTER_SET_CLIENT=@@CHARACTER_SET_CLIENT */;
/*!40101 SET @OLD_CHARACTER_SET_RESULTS=@@CHARACTER_SET_RESULTS */;
/*!40101 SET @OLD_COLLATION_CONNECTION=@@COLLATION_CONNECTION */;
/*!40101 SET NAMES utf8mb4 */;
/*!40103 SET @OLD_TIME_ZONE=@@TIME_ZONE */;
/*!40103 SET TIME_ZONE='+00:00' */;
/*!40014 SET @OLD_UNIQUE_CHECKS=@@UNIQUE_CHECKS, UNIQUE_CHECKS=0 */;
/*!40014 SET @OLD_FOREIGN_KEY_CHECKS=@@FOREIGN_KEY_CHECKS, FOREIGN_KEY_CHECKS=0 */;
/*!40101 SET @OLD_SQL_MODE=@@SQL_MODE, SQL_MODE='NO_AUTO_VALUE_ON_ZERO' */;
/*!40111 SET @OLD_SQL_NOTES=@@SQL_NOTES, SQL_NOTES=0 */;

--
-- Table structure for table `adjusts`
--

DROP TABLE IF EXISTS `adjusts`;
/*!40101 SET @saved_cs_client     = @@character_set_client */;
/*!40101 SET character_set_client = utf8 */;
CREATE TABLE `adjusts` (
  `count_id` int(11) NOT NULL AUTO_INCREMENT,
  `stock_id` int(11) NOT NULL,
  `_adjust_type` varchar(10) NOT NULL,
  `_qty` int(11) NOT NULL,
  `_date` datetime NOT NULL,
  `user_id` varchar(128) NOT NULL,
  `createdAt` datetime NOT NULL,
  `updatedAt` datetime NOT NULL,
  PRIMARY KEY (`count_id`),
  UNIQUE KEY `count_id_UNIQUE` (`count_id`)
) ENGINE=InnoDB DEFAULT CHARSET=utf8mb4;
/*!40101 SET character_set_client = @saved_cs_client */;

--
-- Dumping data for table `adjusts`
--

LOCK TABLES `adjusts` WRITE;
/*!40000 ALTER TABLE `adjusts` DISABLE KEYS */;
/*!40000 ALTER TABLE `adjusts` ENABLE KEYS */;
UNLOCK TABLES;

--
-- Table structure for table `categories`
--

DROP TABLE IF EXISTS `categories`;
/*!40101 SET @saved_cs_client     = @@character_set_client */;
/*!40101 SET character_set_client = utf8 */;
CREATE TABLE `categories` (
  `category_id` int(11) NOT NULL AUTO_INCREMENT,
  `_category` varchar(45) NOT NULL,
  `createdAt` datetime DEFAULT NULL,
  `updatedAt` datetime DEFAULT NULL,
  PRIMARY KEY (`category_id`),
  UNIQUE KEY `category_id_UNIQUE` (`category_id`)
) ENGINE=InnoDB AUTO_INCREMENT=5 DEFAULT CHARSET=utf8mb4;
/*!40101 SET character_set_client = @saved_cs_client */;

--
-- Dumping data for table `categories`
--

LOCK TABLES `categories` WRITE;
/*!40000 ALTER TABLE `categories` DISABLE KEYS */;
INSERT INTO `categories` VALUES (1,'Uniform',NULL,NULL),(2,'Civilian',NULL,NULL),(3,'Equipment',NULL,NULL),(4,'Other',NULL,NULL);
/*!40000 ALTER TABLE `categories` ENABLE KEYS */;
UNLOCK TABLES;

--
-- Table structure for table `demands`
--

DROP TABLE IF EXISTS `demands`;
/*!40101 SET @saved_cs_client     = @@character_set_client */;
/*!40101 SET character_set_client = utf8 */;
CREATE TABLE `demands` (
  `demand_id` int(11) NOT NULL AUTO_INCREMENT,
  `supplier_id` tinyint(4) NOT NULL,
  `_date` datetime NOT NULL,
  `_complete` tinyint(4) NOT NULL DEFAULT '0',
  `_filename` varchar(100) DEFAULT NULL,
  `user_id` varchar(128) NOT NULL,
  `updatedAt` datetime NOT NULL,
  PRIMARY KEY (`demand_id`),
  UNIQUE KEY `demand_UNIQUE` (`demand_id`)
) ENGINE=InnoDB DEFAULT CHARSET=utf8mb4;
/*!40101 SET character_set_client = @saved_cs_client */;

--
-- Dumping data for table `demands`
--

LOCK TABLES `demands` WRITE;
/*!40000 ALTER TABLE `demands` DISABLE KEYS */;
/*!40000 ALTER TABLE `demands` ENABLE KEYS */;
UNLOCK TABLES;

--
-- Table structure for table `demands_lines`
--

DROP TABLE IF EXISTS `demands_lines`;
/*!40101 SET @saved_cs_client     = @@character_set_client */;
/*!40101 SET character_set_client = utf8 */;
CREATE TABLE `demands_lines` (
  `line_id` int(11) NOT NULL AUTO_INCREMENT,
  `demand_id` int(11) NOT NULL,
  `stock_id` int(11) NOT NULL,
  `_qty` int(11) NOT NULL,
  `receive_id` int(11) DEFAULT NULL,
  `createdAt` datetime NOT NULL,
  `updatedAt` datetime NOT NULL,
  PRIMARY KEY (`line_id`)
) ENGINE=InnoDB DEFAULT CHARSET=utf8mb4;
/*!40101 SET character_set_client = @saved_cs_client */;

--
-- Dumping data for table `demands_lines`
--

LOCK TABLES `demands_lines` WRITE;
/*!40000 ALTER TABLE `demands_lines` DISABLE KEYS */;
/*!40000 ALTER TABLE `demands_lines` ENABLE KEYS */;
UNLOCK TABLES;

--
-- Table structure for table `genders`
--

DROP TABLE IF EXISTS `genders`;
/*!40101 SET @saved_cs_client     = @@character_set_client */;
/*!40101 SET character_set_client = utf8 */;
CREATE TABLE `genders` (
  `gender_id` int(11) NOT NULL AUTO_INCREMENT,
  `_gender` varchar(20) NOT NULL,
  `createdAt` datetime DEFAULT NULL,
  `updatedAt` datetime DEFAULT NULL,
  PRIMARY KEY (`gender_id`),
  UNIQUE KEY `gender_id_UNIQUE` (`gender_id`)
) ENGINE=InnoDB AUTO_INCREMENT=6 DEFAULT CHARSET=utf8mb4;
/*!40101 SET character_set_client = @saved_cs_client */;

--
-- Dumping data for table `genders`
--

LOCK TABLES `genders` WRITE;
/*!40000 ALTER TABLE `genders` DISABLE KEYS */;
INSERT INTO `genders` VALUES (1,'Male',NULL,NULL),(2,'Female',NULL,NULL),(3,'Undisclosed',NULL,NULL),(4,'Unisex',NULL,NULL),(5,'Other',NULL,NULL);
/*!40000 ALTER TABLE `genders` ENABLE KEYS */;
UNLOCK TABLES;

--
-- Table structure for table `groups`
--

DROP TABLE IF EXISTS `groups`;
/*!40101 SET @saved_cs_client     = @@character_set_client */;
/*!40101 SET character_set_client = utf8 */;
CREATE TABLE `groups` (
  `group_id` int(11) NOT NULL AUTO_INCREMENT,
  `_parent` int(11) DEFAULT NULL,
  `_group` varchar(45) NOT NULL,
  `createdAt` datetime DEFAULT NULL,
  `updatedAt` datetime DEFAULT NULL,
  PRIMARY KEY (`group_id`),
  UNIQUE KEY `group_id_UNIQUE` (`group_id`)
) ENGINE=InnoDB AUTO_INCREMENT=11 DEFAULT CHARSET=utf8mb4;
/*!40101 SET character_set_client = @saved_cs_client */;

--
-- Dumping data for table `groups`
--

LOCK TABLES `groups` WRITE;
/*!40000 ALTER TABLE `groups` DISABLE KEYS */;
INSERT INTO `groups` VALUES (1,1,'Blues',NULL,NULL),(2,1,'Greens',NULL,NULL),(3,1,'Other',NULL,NULL),(4,2,'Waterproofs',NULL,NULL),(5,2,'Other',NULL,NULL),(6,3,'Rucksacks',NULL,NULL),(7,3,'Cooking',NULL,NULL),(8,3,'Sleeping',NULL,NULL),(9,3,'Other',NULL,NULL),(10,4,'Other',NULL,NULL);
/*!40000 ALTER TABLE `groups` ENABLE KEYS */;
UNLOCK TABLES;

--
-- Table structure for table `issues`
--

DROP TABLE IF EXISTS `issues`;
/*!40101 SET @saved_cs_client     = @@character_set_client */;
/*!40101 SET character_set_client = utf8 */;
CREATE TABLE `issues` (
  `issue_id` int(11) NOT NULL AUTO_INCREMENT,
  `issued_to` int(11) NOT NULL,
  `stock_id` int(11) NOT NULL,
  `_qty` int(11) NOT NULL,
  `_date_issued` datetime NOT NULL,
  `_date_due` datetime NOT NULL,
  `loancard_id` int(11) DEFAULT NULL,
  `line_id` int(11) DEFAULT NULL,
  `issued_by` int(11) NOT NULL,
  `_date_returned` datetime DEFAULT NULL,
  `returned_to` int(11) DEFAULT NULL,
  `createdAt` datetime NOT NULL,
  `updatedAt` datetime NOT NULL,
  PRIMARY KEY (`issue_id`),
  UNIQUE KEY `issued_id_UNIQUE` (`issue_id`)
) ENGINE=InnoDB AUTO_INCREMENT=3 DEFAULT CHARSET=utf8mb4;
/*!40101 SET character_set_client = @saved_cs_client */;

--
-- Dumping data for table `issues`
--

LOCK TABLES `issues` WRITE;
/*!40000 ALTER TABLE `issues` DISABLE KEYS */;
INSERT INTO `issues` VALUES (1,36,1,1,'2019-10-10 12:00:00','2020-10-10 12:00:00',NULL,NULL,2,NULL,NULL,'0000-00-00 00:00:00','0000-00-00 00:00:00'),(2,36,2,1,'2019-10-10 12:00:00','2020-10-10 12:00:00',NULL,NULL,3,'2019-10-10 12:00:00',3,'0000-00-00 00:00:00','0000-00-00 00:00:00');
/*!40000 ALTER TABLE `issues` ENABLE KEYS */;
UNLOCK TABLES;

--
-- Table structure for table `items`
--

DROP TABLE IF EXISTS `items`;
/*!40101 SET @saved_cs_client     = @@character_set_client */;
/*!40101 SET character_set_client = utf8 */;
CREATE TABLE `items` (
  `item_id` int(11) NOT NULL AUTO_INCREMENT,
  `_description` varchar(30) NOT NULL,
  `_gender` int(11) DEFAULT NULL,
  `_category` int(11) NOT NULL DEFAULT '19',
  `_group` int(11) DEFAULT NULL,
  `_type` int(11) DEFAULT NULL,
  `_sub_type` int(11) DEFAULT NULL,
  `_size_text` varchar(45) NOT NULL DEFAULT 'Size',
  `supplier_id` int(11) NOT NULL DEFAULT '3',
  `_ordering_details` varchar(1000) DEFAULT NULL,
  `createdAt` datetime NOT NULL,
  `updatedAt` datetime NOT NULL,
  PRIMARY KEY (`item_id`),
  UNIQUE KEY `item_id_UNIQUE` (`item_id`)
) ENGINE=InnoDB AUTO_INCREMENT=23 DEFAULT CHARSET=utf8mb4;
/*!40101 SET character_set_client = @saved_cs_client */;

--
-- Dumping data for table `items`
--

LOCK TABLES `items` WRITE;
/*!40000 ALTER TABLE `items` DISABLE KEYS */;
INSERT INTO `items` VALUES (1,'Belt, Waist',4,1,1,1,2,'Min/Max',1,NULL,'0000-00-00 00:00:00','2019-10-13 15:52:25'),(2,'Beret',4,1,3,2,43,'Head',1,NULL,'0000-00-00 00:00:00','0000-00-00 00:00:00'),(3,'Coveralls',4,1,3,18,32,'Height/Chest',3,NULL,'0000-00-00 00:00:00','2019-10-13 15:56:18'),(4,'Tie',4,1,1,1,1,'Size',1,NULL,'0000-00-00 00:00:00','0000-00-00 00:00:00'),(5,'Brassard',4,1,1,1,15,'Size',2,NULL,'0000-00-00 00:00:00','0000-00-00 00:00:00'),(6,'Jumper, Utility',4,1,1,7,NULL,'Chest',1,NULL,'0000-00-00 00:00:00','0000-00-00 00:00:00'),(7,'Skirt',2,1,1,6,NULL,'Length/Waist/Hips',1,NULL,'0000-00-00 00:00:00','0000-00-00 00:00:00'),(8,'Trousers, Mans',1,1,1,8,NULL,'Leg/Waist/Seat',1,NULL,'0000-00-00 00:00:00','0000-00-00 00:00:00'),(10,'Slacks',2,1,1,16,NULL,'Leg/Waist/Hips',1,NULL,'0000-00-00 00:00:00','0000-00-00 00:00:00'),(11,'Smock, S95',4,1,2,11,11,'Height/Chest',3,NULL,'0000-00-00 00:00:00','0000-00-00 00:00:00'),(13,'Shirt, Light Blue, Female',2,1,1,5,3,'Collar/Bust',1,NULL,'0000-00-00 00:00:00','0000-00-00 00:00:00'),(14,'Shirt, Light Blue, Male',1,1,1,5,3,'Collar',1,NULL,'0000-00-00 00:00:00','0000-00-00 00:00:00'),(15,'Shirt, Working Blue, Male',4,1,1,5,4,'Collar',1,NULL,'0000-00-00 00:00:00','0000-00-00 00:00:00'),(16,'Jacket, Foul Weather',4,1,1,9,NULL,'Height/Chest',1,NULL,'0000-00-00 00:00:00','0000-00-00 00:00:00'),(17,'Belt, Buckle, Male',4,1,2,17,NULL,'Size',3,NULL,'0000-00-00 00:00:00','0000-00-00 00:00:00'),(18,'Belt, Buckle, Female',4,1,2,17,NULL,'Size',3,NULL,'0000-00-00 00:00:00','0000-00-00 00:00:00'),(19,'Belt, Buckle, Retainer',4,1,2,17,NULL,'Size',3,NULL,'0000-00-00 00:00:00','0000-00-00 00:00:00'),(20,'Belt, Green',4,1,2,17,NULL,'Size',3,NULL,'0000-00-00 00:00:00','0000-00-00 00:00:00'),(21,'Hi-Vis, Yellow',4,2,5,22,NULL,'Size',3,NULL,'0000-00-00 00:00:00','0000-00-00 00:00:00'),(22,'Shirt, Working Blue, Female',2,1,1,5,4,'Size',3,NULL,'0000-00-00 00:00:00','0000-00-00 00:00:00');
/*!40000 ALTER TABLE `items` ENABLE KEYS */;
UNLOCK TABLES;

--
-- Table structure for table `items_locations`
--

DROP TABLE IF EXISTS `items_locations`;
/*!40101 SET @saved_cs_client     = @@character_set_client */;
/*!40101 SET character_set_client = utf8 */;
CREATE TABLE `items_locations` (
  `location_id` int(11) NOT NULL AUTO_INCREMENT,
  `stock_id` int(11) NOT NULL,
  `_location` varchar(10) NOT NULL,
  `_qty` int(11) NOT NULL DEFAULT '0',
  `createdAt` datetime NOT NULL,
  `updatedAt` datetime NOT NULL,
  PRIMARY KEY (`location_id`),
  UNIQUE KEY `location_id_UNIQUE` (`location_id`)
) ENGINE=InnoDB AUTO_INCREMENT=3 DEFAULT CHARSET=utf8mb4;
/*!40101 SET character_set_client = @saved_cs_client */;

--
-- Dumping data for table `items_locations`
--

LOCK TABLES `items_locations` WRITE;
/*!40000 ALTER TABLE `items_locations` DISABLE KEYS */;
INSERT INTO `items_locations` VALUES (1,1,'Testfffff',1,'0000-00-00 00:00:00','2019-10-14 07:55:19'),(2,1,'sdgffgds',5,'2019-10-15 18:30:26','2019-10-15 18:30:26');
/*!40000 ALTER TABLE `items_locations` ENABLE KEYS */;
UNLOCK TABLES;

--
-- Table structure for table `items_nsns`
--

DROP TABLE IF EXISTS `items_nsns`;
/*!40101 SET @saved_cs_client     = @@character_set_client */;
/*!40101 SET character_set_client = utf8 */;
CREATE TABLE `items_nsns` (
  `nsn_id` int(11) NOT NULL AUTO_INCREMENT,
  `stock_id` int(11) NOT NULL,
  `_nsn` varchar(20) NOT NULL,
  `_default` tinyint(4) NOT NULL DEFAULT '0',
  `createdAt` datetime NOT NULL,
  `updatedAt` datetime NOT NULL,
  PRIMARY KEY (`nsn_id`),
  UNIQUE KEY `stocknum_id_UNIQUE` (`nsn_id`),
  UNIQUE KEY `stocknum_UNIQUE` (`_nsn`)
) ENGINE=InnoDB AUTO_INCREMENT=218 DEFAULT CHARSET=utf8mb4;
/*!40101 SET character_set_client = @saved_cs_client */;

--
-- Dumping data for table `items_nsns`
--

LOCK TABLES `items_nsns` WRITE;
/*!40000 ALTER TABLE `items_nsns` DISABLE KEYS */;
INSERT INTO `items_nsns` VALUES (1,1,'8440-99-1270973',1,'0000-00-00 00:00:00','0000-00-00 00:00:00'),(2,2,'8440-99-4712784',0,'0000-00-00 00:00:00','0000-00-00 00:00:00'),(3,3,'8440-99-1301832',0,'0000-00-00 00:00:00','0000-00-00 00:00:00'),(4,4,'8440-99-2193037',0,'0000-00-00 00:00:00','0000-00-00 00:00:00'),(5,5,'8405-99-1278122',0,'0000-00-00 00:00:00','0000-00-00 00:00:00'),(6,6,'8405-99-1278123',0,'0000-00-00 00:00:00','0000-00-00 00:00:00'),(7,7,'8405-99-1278124',0,'0000-00-00 00:00:00','0000-00-00 00:00:00'),(8,8,'8405-99-1278125',0,'0000-00-00 00:00:00','0000-00-00 00:00:00'),(9,9,'8405-99-1278126',0,'0000-00-00 00:00:00','0000-00-00 00:00:00'),(10,10,'8405-99-1278127',0,'0000-00-00 00:00:00','0000-00-00 00:00:00'),(11,11,'8405-99-1278128',0,'0000-00-00 00:00:00','0000-00-00 00:00:00'),(12,12,'8405-99-1278129',0,'0000-00-00 00:00:00','0000-00-00 00:00:00'),(13,13,'8405-99-1278130',0,'0000-00-00 00:00:00','0000-00-00 00:00:00'),(14,14,'8405-99-1278131',0,'0000-00-00 00:00:00','0000-00-00 00:00:00'),(15,15,'8405-99-1278132',0,'0000-00-00 00:00:00','0000-00-00 00:00:00'),(16,16,'8405-99-1278133',0,'0000-00-00 00:00:00','0000-00-00 00:00:00'),(17,17,'8405-99-1278134',0,'0000-00-00 00:00:00','0000-00-00 00:00:00'),(18,18,'8405-99-1278135',0,'0000-00-00 00:00:00','0000-00-00 00:00:00'),(19,19,'8405-99-1278136',0,'0000-00-00 00:00:00','0000-00-00 00:00:00'),(20,20,'8405-99-7485128',0,'0000-00-00 00:00:00','0000-00-00 00:00:00'),(21,21,'8405-99-7485129',0,'0000-00-00 00:00:00','0000-00-00 00:00:00'),(22,22,'8405-99-7485130',0,'0000-00-00 00:00:00','0000-00-00 00:00:00'),(23,23,'8405-99-7485131',0,'0000-00-00 00:00:00','0000-00-00 00:00:00'),(24,24,'8405-99-7485132',0,'0000-00-00 00:00:00','0000-00-00 00:00:00'),(25,25,'8405-99-7485133',0,'0000-00-00 00:00:00','0000-00-00 00:00:00'),(26,26,'8405-99-7485134',0,'0000-00-00 00:00:00','0000-00-00 00:00:00'),(27,27,'8405-99-7485135',0,'0000-00-00 00:00:00','0000-00-00 00:00:00'),(28,28,'8405-99-7485136',0,'0000-00-00 00:00:00','0000-00-00 00:00:00'),(29,29,'8405-99-7485137',0,'0000-00-00 00:00:00','0000-00-00 00:00:00'),(30,30,'8405-99-7485138',0,'0000-00-00 00:00:00','0000-00-00 00:00:00'),(31,31,'8415-99-9787280',0,'0000-00-00 00:00:00','0000-00-00 00:00:00'),(32,32,'8415-99-9787588',0,'0000-00-00 00:00:00','0000-00-00 00:00:00'),(33,33,'8415-99-9787589',0,'0000-00-00 00:00:00','0000-00-00 00:00:00'),(34,34,'8415-99-9787590',0,'0000-00-00 00:00:00','0000-00-00 00:00:00'),(35,35,'8415-99-9787591',0,'0000-00-00 00:00:00','0000-00-00 00:00:00'),(36,36,'8415-99-9787592',0,'0000-00-00 00:00:00','0000-00-00 00:00:00'),(37,37,'8415-99-9787593',0,'0000-00-00 00:00:00','0000-00-00 00:00:00'),(38,38,'8415-99-9787594',0,'0000-00-00 00:00:00','0000-00-00 00:00:00'),(39,39,'8405-99-1301160',0,'0000-00-00 00:00:00','0000-00-00 00:00:00'),(40,40,'8405-99-1301161',0,'0000-00-00 00:00:00','0000-00-00 00:00:00'),(41,41,'8405-99-1301162',0,'0000-00-00 00:00:00','0000-00-00 00:00:00'),(42,42,'8405-99-1301163',0,'0000-00-00 00:00:00','0000-00-00 00:00:00'),(43,43,'8405-99-1301164',0,'0000-00-00 00:00:00','0000-00-00 00:00:00'),(44,44,'8405-99-1301165',0,'0000-00-00 00:00:00','0000-00-00 00:00:00'),(45,45,'8405-99-1301166',0,'0000-00-00 00:00:00','0000-00-00 00:00:00'),(46,46,'8405-99-1301167',0,'0000-00-00 00:00:00','0000-00-00 00:00:00'),(47,47,'8405-99-1301168',0,'0000-00-00 00:00:00','0000-00-00 00:00:00'),(48,48,'8405-99-1301169',0,'0000-00-00 00:00:00','0000-00-00 00:00:00'),(49,49,'8405-99-9785971',0,'0000-00-00 00:00:00','0000-00-00 00:00:00'),(50,50,'8405-99-9785972',0,'0000-00-00 00:00:00','0000-00-00 00:00:00'),(51,51,'8405-99-9785973',0,'0000-00-00 00:00:00','0000-00-00 00:00:00'),(52,52,'8405-99-9785974',0,'0000-00-00 00:00:00','0000-00-00 00:00:00'),(53,53,'8405-99-9785975',0,'0000-00-00 00:00:00','0000-00-00 00:00:00'),(54,54,'8405-99-9785976',0,'0000-00-00 00:00:00','0000-00-00 00:00:00'),(55,55,'8405-99-9785977',0,'0000-00-00 00:00:00','0000-00-00 00:00:00'),(56,56,'8405-99-8696028',0,'0000-00-00 00:00:00','0000-00-00 00:00:00'),(57,57,'8405-99-8696029',0,'0000-00-00 00:00:00','0000-00-00 00:00:00'),(58,58,'8405-99-8696030',0,'0000-00-00 00:00:00','0000-00-00 00:00:00'),(59,59,'8405-99-8696031',0,'0000-00-00 00:00:00','0000-00-00 00:00:00'),(60,60,'8405-99-8696032',0,'0000-00-00 00:00:00','0000-00-00 00:00:00'),(61,61,'8405-99-8696033',0,'0000-00-00 00:00:00','0000-00-00 00:00:00'),(62,62,'8405-99-8696034',0,'0000-00-00 00:00:00','0000-00-00 00:00:00'),(63,63,'8405-99-8696035',0,'0000-00-00 00:00:00','0000-00-00 00:00:00'),(64,64,'8405-99-8696036',0,'0000-00-00 00:00:00','0000-00-00 00:00:00'),(65,65,'8405-99-8696037',0,'0000-00-00 00:00:00','0000-00-00 00:00:00'),(66,66,'8405-99-8696038',0,'0000-00-00 00:00:00','0000-00-00 00:00:00'),(67,67,'8405-99-8696039',0,'0000-00-00 00:00:00','0000-00-00 00:00:00'),(68,68,'8405-99-8696040',0,'0000-00-00 00:00:00','0000-00-00 00:00:00'),(69,69,'8405-99-8696041',0,'0000-00-00 00:00:00','0000-00-00 00:00:00'),(70,70,'8405-99-8696042',0,'0000-00-00 00:00:00','0000-00-00 00:00:00'),(71,71,'8405-99-8696043',0,'0000-00-00 00:00:00','0000-00-00 00:00:00'),(72,72,'8405-99-8696044',0,'0000-00-00 00:00:00','0000-00-00 00:00:00'),(73,73,'8405-99-8696045',0,'0000-00-00 00:00:00','0000-00-00 00:00:00'),(74,74,'8405-99-2691039',0,'0000-00-00 00:00:00','0000-00-00 00:00:00'),(75,75,'8405-99-2691040',0,'0000-00-00 00:00:00','0000-00-00 00:00:00'),(76,76,'8405-99-2691041',0,'0000-00-00 00:00:00','0000-00-00 00:00:00'),(77,77,'8405-99-2691042',0,'0000-00-00 00:00:00','0000-00-00 00:00:00'),(78,78,'8405-99-2691043',0,'0000-00-00 00:00:00','0000-00-00 00:00:00'),(79,79,'8405-99-2691044',0,'0000-00-00 00:00:00','0000-00-00 00:00:00'),(80,80,'8405-99-2691045',0,'0000-00-00 00:00:00','0000-00-00 00:00:00'),(81,81,'8405-99-2691046',0,'0000-00-00 00:00:00','0000-00-00 00:00:00'),(82,82,'8405-99-2691047',0,'0000-00-00 00:00:00','0000-00-00 00:00:00'),(83,83,'8405-99-2691048',0,'0000-00-00 00:00:00','0000-00-00 00:00:00'),(84,84,'8405-99-2691049',0,'0000-00-00 00:00:00','0000-00-00 00:00:00'),(85,85,'8405-99-2691050',0,'0000-00-00 00:00:00','0000-00-00 00:00:00'),(86,86,'8405-99-2691051',0,'0000-00-00 00:00:00','0000-00-00 00:00:00'),(87,87,'8405-99-2691052',0,'0000-00-00 00:00:00','0000-00-00 00:00:00'),(88,88,'8405-99-2691053',0,'0000-00-00 00:00:00','0000-00-00 00:00:00'),(89,89,'8405-99-2691054',0,'0000-00-00 00:00:00','0000-00-00 00:00:00'),(90,90,'8405-99-2691055',0,'0000-00-00 00:00:00','0000-00-00 00:00:00'),(91,91,'8405-99-2691056',0,'0000-00-00 00:00:00','0000-00-00 00:00:00'),(92,92,'8405-99-2691057',0,'0000-00-00 00:00:00','0000-00-00 00:00:00'),(93,93,'8405-99-2691058',0,'0000-00-00 00:00:00','0000-00-00 00:00:00'),(94,94,'8405-99-2691059',0,'0000-00-00 00:00:00','0000-00-00 00:00:00'),(95,95,'8405-99-2691060',0,'0000-00-00 00:00:00','0000-00-00 00:00:00'),(96,96,'8405-99-2691061',0,'0000-00-00 00:00:00','0000-00-00 00:00:00'),(97,97,'8405-99-2691062',0,'0000-00-00 00:00:00','0000-00-00 00:00:00'),(98,98,'8405-99-2691063',0,'0000-00-00 00:00:00','0000-00-00 00:00:00'),(99,99,'8405-99-2691064',0,'0000-00-00 00:00:00','0000-00-00 00:00:00'),(100,100,'8405-99-2691065',0,'0000-00-00 00:00:00','0000-00-00 00:00:00'),(101,101,'8405-99-2691066',0,'0000-00-00 00:00:00','0000-00-00 00:00:00'),(102,102,'8405-99-2691067',0,'0000-00-00 00:00:00','0000-00-00 00:00:00'),(103,103,'8405-99-2691068',0,'0000-00-00 00:00:00','0000-00-00 00:00:00'),(104,104,'8405-99-2691069',0,'0000-00-00 00:00:00','0000-00-00 00:00:00'),(105,105,'8410-99-8696669',0,'0000-00-00 00:00:00','0000-00-00 00:00:00'),(106,106,'8410-99-8696670',0,'0000-00-00 00:00:00','0000-00-00 00:00:00'),(107,107,'8410-99-8696671',0,'0000-00-00 00:00:00','0000-00-00 00:00:00'),(108,108,'8410-99-8696672',0,'0000-00-00 00:00:00','0000-00-00 00:00:00'),(109,109,'8410-99-8696673',0,'0000-00-00 00:00:00','0000-00-00 00:00:00'),(110,110,'8410-99-8696674',0,'0000-00-00 00:00:00','0000-00-00 00:00:00'),(111,111,'8410-99-8696675',0,'0000-00-00 00:00:00','0000-00-00 00:00:00'),(112,112,'8410-99-8695660',0,'0000-00-00 00:00:00','0000-00-00 00:00:00'),(113,113,'8410-99-8695661',0,'0000-00-00 00:00:00','0000-00-00 00:00:00'),(114,114,'8410-99-8695662',0,'0000-00-00 00:00:00','0000-00-00 00:00:00'),(115,115,'8410-99-8695663',0,'0000-00-00 00:00:00','0000-00-00 00:00:00'),(116,116,'8410-99-8695664',0,'0000-00-00 00:00:00','0000-00-00 00:00:00'),(117,117,'8410-99-8695665',0,'0000-00-00 00:00:00','0000-00-00 00:00:00'),(118,118,'8410-99-8695666',0,'0000-00-00 00:00:00','0000-00-00 00:00:00'),(119,119,'8410-99-8695667',0,'0000-00-00 00:00:00','0000-00-00 00:00:00'),(120,120,'8410-99-8695668',0,'0000-00-00 00:00:00','0000-00-00 00:00:00'),(121,121,'8410-99-8695669',0,'0000-00-00 00:00:00','0000-00-00 00:00:00'),(122,122,'8410-99-8695670',0,'0000-00-00 00:00:00','0000-00-00 00:00:00'),(123,123,'8410-99-8695671',0,'0000-00-00 00:00:00','0000-00-00 00:00:00'),(124,124,'8410-99-8695672',0,'0000-00-00 00:00:00','0000-00-00 00:00:00'),(125,125,'8410-99-8695673',0,'0000-00-00 00:00:00','0000-00-00 00:00:00'),(126,126,'8410-99-8695674',0,'0000-00-00 00:00:00','0000-00-00 00:00:00'),(127,127,'8410-99-8695675',0,'0000-00-00 00:00:00','0000-00-00 00:00:00'),(128,20,'8405-99-2124015',0,'0000-00-00 00:00:00','0000-00-00 00:00:00'),(129,21,'8405-99-2124016',0,'0000-00-00 00:00:00','0000-00-00 00:00:00'),(130,22,'8405-99-2124017',0,'0000-00-00 00:00:00','0000-00-00 00:00:00'),(131,23,'8405-99-2124018',0,'0000-00-00 00:00:00','0000-00-00 00:00:00'),(132,24,'8405-99-2124019',0,'0000-00-00 00:00:00','0000-00-00 00:00:00'),(133,25,'8405-99-2124020',0,'0000-00-00 00:00:00','0000-00-00 00:00:00'),(134,26,'8405-99-2124021',0,'0000-00-00 00:00:00','0000-00-00 00:00:00'),(135,27,'8405-99-2124022',0,'0000-00-00 00:00:00','0000-00-00 00:00:00'),(136,28,'8405-99-6027375',0,'0000-00-00 00:00:00','0000-00-00 00:00:00'),(137,29,'8405-99-6027376',0,'0000-00-00 00:00:00','0000-00-00 00:00:00'),(138,30,'8405-99-6027377',0,'0000-00-00 00:00:00','0000-00-00 00:00:00'),(139,128,'8410-99-9830772',0,'0000-00-00 00:00:00','0000-00-00 00:00:00'),(140,128,'8410-99-2278814',0,'0000-00-00 00:00:00','0000-00-00 00:00:00'),(141,129,'8410-99-9830773',0,'0000-00-00 00:00:00','0000-00-00 00:00:00'),(142,130,'8410-99-2278815',0,'0000-00-00 00:00:00','0000-00-00 00:00:00'),(143,131,'8410-99-2278816',0,'0000-00-00 00:00:00','0000-00-00 00:00:00'),(144,132,'8410-99-9830774',0,'0000-00-00 00:00:00','0000-00-00 00:00:00'),(145,133,'8410-99-2278817',0,'0000-00-00 00:00:00','0000-00-00 00:00:00'),(146,133,'8410-99-9830775',0,'0000-00-00 00:00:00','0000-00-00 00:00:00'),(147,134,'8410-99-2278818',0,'0000-00-00 00:00:00','0000-00-00 00:00:00'),(148,134,'8410-99-9830776',0,'0000-00-00 00:00:00','0000-00-00 00:00:00'),(149,135,'8410-99-2278819',0,'0000-00-00 00:00:00','0000-00-00 00:00:00'),(150,136,'8410-99-9830777',0,'0000-00-00 00:00:00','0000-00-00 00:00:00'),(151,137,'8410-99-2278820',0,'0000-00-00 00:00:00','0000-00-00 00:00:00'),(152,138,'8410-99-9830778',0,'0000-00-00 00:00:00','0000-00-00 00:00:00'),(153,139,'8410-99-2278821',0,'0000-00-00 00:00:00','0000-00-00 00:00:00'),(154,140,'8410-99-8471053',0,'0000-00-00 00:00:00','0000-00-00 00:00:00'),(155,141,'8410-99-2278822',0,'0000-00-00 00:00:00','0000-00-00 00:00:00'),(156,142,'8410-99-8471054',0,'0000-00-00 00:00:00','0000-00-00 00:00:00'),(157,145,'8410-99-2278823',0,'0000-00-00 00:00:00','0000-00-00 00:00:00'),(158,145,'8410-99-9830779',0,'0000-00-00 00:00:00','0000-00-00 00:00:00'),(159,146,'8410-99-9830780',0,'0000-00-00 00:00:00','0000-00-00 00:00:00'),(160,147,'8410-99-2278824',0,'0000-00-00 00:00:00','0000-00-00 00:00:00'),(161,148,'8410-99-2278825',0,'0000-00-00 00:00:00','0000-00-00 00:00:00'),(162,149,'8410-99-9830781',0,'0000-00-00 00:00:00','0000-00-00 00:00:00'),(163,150,'8410-99-2278826',0,'0000-00-00 00:00:00','0000-00-00 00:00:00'),(164,151,'8410-99-9830783',0,'0000-00-00 00:00:00','0000-00-00 00:00:00'),(165,152,'8410-99-2278828',0,'0000-00-00 00:00:00','0000-00-00 00:00:00'),(166,153,'8410-99-9830784',0,'0000-00-00 00:00:00','0000-00-00 00:00:00'),(167,154,'8410-99-2278829',0,'0000-00-00 00:00:00','0000-00-00 00:00:00'),(168,155,'8410-99-9830785',0,'0000-00-00 00:00:00','0000-00-00 00:00:00'),(169,156,'8410-99-2278830',0,'0000-00-00 00:00:00','0000-00-00 00:00:00'),(170,157,'8410-99-9830786',0,'0000-00-00 00:00:00','0000-00-00 00:00:00'),(171,158,'8410-99-2278831',0,'0000-00-00 00:00:00','0000-00-00 00:00:00'),(172,159,'8410-99-8471055',0,'0000-00-00 00:00:00','0000-00-00 00:00:00'),(173,160,'8410-99-2278834',0,'0000-00-00 00:00:00','0000-00-00 00:00:00'),(174,160,'8410-99-9830787',0,'0000-00-00 00:00:00','0000-00-00 00:00:00'),(175,161,'8410-99-2278835',0,'0000-00-00 00:00:00','0000-00-00 00:00:00'),(176,161,'8410-99-9830788',0,'0000-00-00 00:00:00','0000-00-00 00:00:00'),(177,162,'8410-99-2278836',0,'0000-00-00 00:00:00','0000-00-00 00:00:00'),(178,162,'8410-99-9830789',0,'0000-00-00 00:00:00','0000-00-00 00:00:00'),(179,163,'8410-99-2278837',0,'0000-00-00 00:00:00','0000-00-00 00:00:00'),(180,163,'8410-99-9830790',0,'0000-00-00 00:00:00','0000-00-00 00:00:00'),(181,164,'8410-99-2278838',0,'0000-00-00 00:00:00','0000-00-00 00:00:00'),(182,165,'8410-99-9830791',0,'0000-00-00 00:00:00','0000-00-00 00:00:00'),(183,166,'8410-99-2278839',0,'0000-00-00 00:00:00','0000-00-00 00:00:00'),(184,167,'8410-99-8471056',0,'0000-00-00 00:00:00','0000-00-00 00:00:00'),(185,167,'8410-99-2278840',0,'0000-00-00 00:00:00','0000-00-00 00:00:00'),(186,168,'8410-99-2278841',0,'0000-00-00 00:00:00','0000-00-00 00:00:00'),(187,169,'8410-99-8471057',0,'0000-00-00 00:00:00','0000-00-00 00:00:00'),(188,170,'8410-99-2278842',0,'0000-00-00 00:00:00','0000-00-00 00:00:00'),(189,171,'8410-99-2278843',0,'0000-00-00 00:00:00','0000-00-00 00:00:00'),(190,172,'8410-99-5096895',0,'0000-00-00 00:00:00','0000-00-00 00:00:00'),(191,173,'8410-99-5096896',0,'0000-00-00 00:00:00','0000-00-00 00:00:00'),(192,174,'8410-99-5096897',0,'0000-00-00 00:00:00','0000-00-00 00:00:00'),(193,175,'8410-99-5096898',0,'0000-00-00 00:00:00','0000-00-00 00:00:00'),(194,176,'8410-99-5096899',0,'0000-00-00 00:00:00','0000-00-00 00:00:00'),(195,177,'8410-99-5096900',0,'0000-00-00 00:00:00','0000-00-00 00:00:00'),(196,178,'8410-99-5096901',0,'0000-00-00 00:00:00','0000-00-00 00:00:00'),(197,179,'8410-99-8471059',0,'0000-00-00 00:00:00','0000-00-00 00:00:00'),(198,180,'8410-99-8471060',0,'0000-00-00 00:00:00','0000-00-00 00:00:00'),(199,181,'8410-99-5096902',0,'0000-00-00 00:00:00','0000-00-00 00:00:00'),(200,182,'8410-99-5096903',0,'0000-00-00 00:00:00','0000-00-00 00:00:00'),(201,183,'8410-99-5096904',0,'0000-00-00 00:00:00','0000-00-00 00:00:00'),(202,184,'8410-99-5096905',0,'0000-00-00 00:00:00','0000-00-00 00:00:00'),(203,185,'8410-99-5096906',0,'0000-00-00 00:00:00','0000-00-00 00:00:00'),(204,186,'8410-99-5096907',0,'0000-00-00 00:00:00','0000-00-00 00:00:00'),(205,187,'8410-99-5096908',0,'0000-00-00 00:00:00','0000-00-00 00:00:00'),(206,188,'8410-99-5096909',0,'0000-00-00 00:00:00','0000-00-00 00:00:00'),(207,189,'8410-99-8471061',0,'0000-00-00 00:00:00','0000-00-00 00:00:00'),(208,190,'8410-99-5096910',0,'0000-00-00 00:00:00','0000-00-00 00:00:00'),(209,191,'8410-99-5096911',0,'0000-00-00 00:00:00','0000-00-00 00:00:00'),(210,192,'8410-99-5096912',0,'0000-00-00 00:00:00','0000-00-00 00:00:00'),(211,193,'8410-99-5096913',0,'0000-00-00 00:00:00','0000-00-00 00:00:00'),(212,194,'8410-99-5096914',0,'0000-00-00 00:00:00','0000-00-00 00:00:00'),(213,195,'8410-99-8471062',0,'0000-00-00 00:00:00','0000-00-00 00:00:00'),(214,196,'8410-99-8471063',0,'0000-00-00 00:00:00','0000-00-00 00:00:00'),(215,197,'8410-99-8471064',0,'0000-00-00 00:00:00','0000-00-00 00:00:00'),(217,1,'8452-33-6985325',0,'2019-10-16 16:54:53','2019-10-16 16:54:53');
/*!40000 ALTER TABLE `items_nsns` ENABLE KEYS */;
UNLOCK TABLES;

--
-- Table structure for table `items_sizes`
--

DROP TABLE IF EXISTS `items_sizes`;
/*!40101 SET @saved_cs_client     = @@character_set_client */;
/*!40101 SET character_set_client = utf8 */;
CREATE TABLE `items_sizes` (
  `stock_id` int(11) NOT NULL AUTO_INCREMENT,
  `item_id` int(11) NOT NULL,
  `size_id` int(11) NOT NULL,
  `_orderable` tinyint(4) NOT NULL DEFAULT '0',
  `_demand_page` varchar(20) DEFAULT NULL,
  `_demand_cell` varchar(3) DEFAULT NULL,
  `createdAt` datetime DEFAULT NULL,
  `updatedAt` datetime DEFAULT NULL,
  PRIMARY KEY (`stock_id`)
) ENGINE=InnoDB AUTO_INCREMENT=199 DEFAULT CHARSET=utf8mb4;
/*!40101 SET character_set_client = @saved_cs_client */;

--
-- Dumping data for table `items_sizes`
--

LOCK TABLES `items_sizes` WRITE;
/*!40000 ALTER TABLE `items_sizes` DISABLE KEYS */;
INSERT INTO `items_sizes` VALUES (1,1,1,1,'Items','M33',NULL,'2019-10-15 19:17:51'),(2,1,74,1,'Items','M33',NULL,'2019-10-15 19:17:51'),(3,4,192,0,NULL,NULL,NULL,NULL),(4,4,193,1,NULL,NULL,NULL,NULL),(5,2,3,0,NULL,NULL,NULL,NULL),(6,2,4,0,NULL,NULL,NULL,NULL),(7,2,5,0,NULL,NULL,NULL,NULL),(8,2,6,0,NULL,NULL,NULL,NULL),(9,2,7,0,NULL,NULL,NULL,NULL),(10,2,8,0,NULL,NULL,NULL,NULL),(11,2,9,0,NULL,NULL,NULL,NULL),(12,2,10,0,NULL,NULL,NULL,NULL),(13,2,11,0,NULL,NULL,NULL,NULL),(14,2,12,0,NULL,NULL,NULL,NULL),(15,2,13,0,NULL,NULL,NULL,NULL),(16,2,14,0,NULL,NULL,NULL,NULL),(17,2,15,0,NULL,NULL,NULL,NULL),(18,2,16,0,NULL,NULL,NULL,NULL),(19,2,17,0,NULL,NULL,NULL,NULL),(20,6,30,0,NULL,NULL,NULL,NULL),(21,6,31,0,NULL,NULL,NULL,NULL),(22,6,32,0,NULL,NULL,NULL,NULL),(23,6,33,0,NULL,NULL,NULL,NULL),(24,6,34,0,NULL,NULL,NULL,NULL),(25,6,35,0,NULL,NULL,NULL,NULL),(26,6,36,0,NULL,NULL,NULL,NULL),(27,6,37,0,NULL,NULL,NULL,NULL),(28,6,109,0,NULL,NULL,NULL,NULL),(29,6,110,0,NULL,NULL,NULL,NULL),(30,6,111,0,NULL,NULL,NULL,NULL),(31,16,75,0,NULL,NULL,NULL,NULL),(32,16,79,0,NULL,NULL,NULL,NULL),(33,16,80,0,NULL,NULL,NULL,NULL),(34,16,81,0,NULL,NULL,NULL,NULL),(35,16,82,0,NULL,NULL,NULL,NULL),(36,16,83,0,NULL,NULL,NULL,NULL),(37,16,84,0,NULL,NULL,NULL,NULL),(38,16,195,0,NULL,NULL,NULL,NULL),(39,3,18,0,NULL,NULL,NULL,NULL),(40,3,19,0,NULL,NULL,NULL,NULL),(41,3,20,0,NULL,NULL,NULL,NULL),(42,3,21,0,NULL,NULL,NULL,NULL),(43,3,22,0,NULL,NULL,NULL,NULL),(44,3,23,0,NULL,NULL,NULL,NULL),(45,3,24,0,NULL,NULL,NULL,NULL),(46,3,25,0,NULL,NULL,NULL,NULL),(47,3,26,0,NULL,NULL,NULL,NULL),(48,3,27,0,NULL,NULL,NULL,NULL),(49,15,146,0,NULL,NULL,NULL,NULL),(50,15,160,0,NULL,NULL,NULL,NULL),(51,15,161,0,NULL,NULL,NULL,NULL),(52,15,162,0,NULL,NULL,NULL,NULL),(53,15,163,0,NULL,NULL,NULL,NULL),(54,15,164,0,NULL,NULL,NULL,NULL),(55,15,165,0,NULL,NULL,NULL,NULL),(56,14,146,0,NULL,NULL,NULL,NULL),(57,14,147,0,NULL,NULL,NULL,NULL),(58,14,148,0,NULL,NULL,NULL,NULL),(59,14,149,0,NULL,NULL,NULL,NULL),(60,14,150,0,NULL,NULL,NULL,NULL),(61,14,151,0,NULL,NULL,NULL,NULL),(62,14,152,0,NULL,NULL,NULL,NULL),(63,14,153,0,NULL,NULL,NULL,NULL),(64,14,154,0,NULL,NULL,NULL,NULL),(65,14,155,0,NULL,NULL,NULL,NULL),(66,14,156,0,NULL,NULL,NULL,NULL),(67,14,157,0,NULL,NULL,NULL,NULL),(68,14,143,0,NULL,NULL,NULL,NULL),(69,14,144,0,NULL,NULL,NULL,NULL),(70,14,145,0,NULL,NULL,NULL,NULL),(71,14,158,0,NULL,NULL,NULL,NULL),(72,14,159,0,NULL,NULL,NULL,NULL),(73,14,3,0,NULL,NULL,NULL,NULL),(74,8,191,0,NULL,NULL,NULL,NULL),(75,8,44,0,NULL,NULL,NULL,NULL),(76,8,45,0,NULL,NULL,NULL,NULL),(77,8,46,0,NULL,NULL,NULL,NULL),(78,8,47,0,NULL,NULL,NULL,NULL),(79,8,48,0,NULL,NULL,NULL,NULL),(80,8,49,0,NULL,NULL,NULL,NULL),(81,8,50,0,NULL,NULL,NULL,NULL),(82,8,51,0,NULL,NULL,NULL,NULL),(83,8,52,0,NULL,NULL,NULL,NULL),(84,8,53,0,NULL,NULL,NULL,NULL),(85,8,54,0,NULL,NULL,NULL,NULL),(86,8,55,0,NULL,NULL,NULL,NULL),(87,8,56,0,NULL,NULL,NULL,NULL),(88,8,57,0,NULL,NULL,NULL,NULL),(89,8,58,0,NULL,NULL,NULL,NULL),(90,8,59,0,NULL,NULL,NULL,NULL),(91,8,60,0,NULL,NULL,NULL,NULL),(92,8,61,0,NULL,NULL,NULL,NULL),(93,8,62,0,NULL,NULL,NULL,NULL),(94,8,63,0,NULL,NULL,NULL,NULL),(95,8,64,0,NULL,NULL,NULL,NULL),(96,8,65,0,NULL,NULL,NULL,NULL),(97,8,66,0,NULL,NULL,NULL,NULL),(98,8,67,0,NULL,NULL,NULL,NULL),(99,8,68,0,NULL,NULL,NULL,NULL),(100,8,69,0,NULL,NULL,NULL,NULL),(101,8,70,0,NULL,NULL,NULL,NULL),(102,8,71,0,NULL,NULL,NULL,NULL),(103,8,72,0,NULL,NULL,NULL,NULL),(104,8,73,0,NULL,NULL,NULL,NULL),(105,22,128,0,NULL,NULL,NULL,NULL),(106,22,130,0,NULL,NULL,NULL,NULL),(107,22,133,0,NULL,NULL,NULL,NULL),(108,22,134,0,NULL,NULL,NULL,NULL),(109,22,136,0,NULL,NULL,NULL,NULL),(110,22,138,0,NULL,NULL,NULL,NULL),(111,22,140,0,NULL,NULL,NULL,NULL),(112,13,127,0,NULL,NULL,NULL,NULL),(113,13,128,0,NULL,NULL,NULL,NULL),(114,13,129,0,NULL,NULL,NULL,NULL),(115,13,130,0,NULL,NULL,NULL,NULL),(116,13,131,0,NULL,NULL,NULL,NULL),(117,13,132,0,NULL,NULL,NULL,NULL),(118,13,133,0,NULL,NULL,NULL,NULL),(119,13,134,0,NULL,NULL,NULL,NULL),(120,13,135,0,NULL,NULL,NULL,NULL),(121,13,136,0,NULL,NULL,NULL,NULL),(122,13,137,0,NULL,NULL,NULL,NULL),(123,13,138,0,NULL,NULL,NULL,NULL),(124,13,139,0,NULL,NULL,NULL,NULL),(125,13,140,0,NULL,NULL,NULL,NULL),(126,13,141,0,NULL,NULL,NULL,NULL),(127,13,142,0,NULL,NULL,NULL,NULL),(128,7,169,0,NULL,NULL,NULL,NULL),(129,7,170,0,NULL,NULL,NULL,NULL),(130,7,198,0,NULL,NULL,NULL,NULL),(131,7,199,0,NULL,NULL,NULL,NULL),(132,7,171,0,NULL,NULL,NULL,NULL),(133,7,172,0,NULL,NULL,NULL,NULL),(134,7,173,0,NULL,NULL,NULL,NULL),(135,7,200,0,NULL,NULL,NULL,NULL),(136,7,174,0,NULL,NULL,NULL,NULL),(137,7,201,0,NULL,NULL,NULL,NULL),(138,7,175,0,NULL,NULL,NULL,NULL),(139,7,202,0,NULL,NULL,NULL,NULL),(140,7,115,0,NULL,NULL,NULL,NULL),(141,7,197,0,NULL,NULL,NULL,NULL),(142,7,116,0,NULL,NULL,NULL,NULL),(145,7,176,0,NULL,NULL,NULL,NULL),(146,7,177,0,NULL,NULL,NULL,NULL),(147,7,203,0,NULL,NULL,NULL,NULL),(148,7,204,0,NULL,NULL,NULL,NULL),(149,7,178,0,NULL,NULL,NULL,NULL),(150,7,179,0,NULL,NULL,NULL,NULL),(151,7,180,0,NULL,NULL,NULL,NULL),(152,7,205,0,NULL,NULL,NULL,NULL),(153,7,181,0,NULL,NULL,NULL,NULL),(154,7,206,0,NULL,NULL,NULL,NULL),(155,7,182,0,NULL,NULL,NULL,NULL),(156,7,207,0,NULL,NULL,NULL,NULL),(157,7,183,0,NULL,NULL,NULL,NULL),(158,7,208,0,NULL,NULL,NULL,NULL),(159,7,117,0,NULL,NULL,NULL,NULL),(160,7,184,0,NULL,NULL,NULL,NULL),(161,7,185,0,NULL,NULL,NULL,NULL),(162,7,186,0,NULL,NULL,NULL,NULL),(163,7,187,0,NULL,NULL,NULL,NULL),(164,7,188,0,NULL,NULL,NULL,NULL),(165,7,209,0,NULL,NULL,NULL,NULL),(166,7,118,0,NULL,NULL,NULL,NULL),(167,7,119,0,NULL,NULL,NULL,NULL),(168,7,210,0,NULL,NULL,NULL,NULL),(169,7,120,0,NULL,NULL,NULL,NULL),(170,7,41,0,NULL,NULL,NULL,NULL),(171,7,42,0,NULL,NULL,NULL,NULL),(172,10,89,0,NULL,NULL,NULL,NULL),(173,10,90,0,NULL,NULL,NULL,NULL),(174,10,91,0,NULL,NULL,NULL,NULL),(175,10,92,0,NULL,NULL,NULL,NULL),(176,10,93,0,NULL,NULL,NULL,NULL),(177,10,94,0,NULL,NULL,NULL,NULL),(178,10,95,0,NULL,NULL,NULL,NULL),(179,10,121,0,NULL,NULL,NULL,NULL),(180,10,122,0,NULL,NULL,NULL,NULL),(181,10,96,0,NULL,NULL,NULL,NULL),(182,10,97,0,NULL,NULL,NULL,NULL),(183,10,98,0,NULL,NULL,NULL,NULL),(184,10,99,0,NULL,NULL,NULL,NULL),(185,10,100,0,NULL,NULL,NULL,NULL),(186,10,101,0,NULL,NULL,NULL,NULL),(187,10,102,0,NULL,NULL,NULL,NULL),(188,10,103,0,NULL,NULL,NULL,NULL),(189,10,123,0,NULL,NULL,NULL,NULL),(190,10,104,0,NULL,NULL,NULL,NULL),(191,10,105,0,NULL,NULL,NULL,NULL),(192,10,106,0,NULL,NULL,NULL,NULL),(193,10,107,0,NULL,NULL,NULL,NULL),(194,10,108,0,NULL,NULL,NULL,NULL),(195,10,124,0,NULL,NULL,NULL,NULL),(196,10,125,0,NULL,NULL,NULL,NULL),(197,10,126,0,NULL,NULL,NULL,NULL),(198,5,194,0,'',NULL,'2019-10-16 15:10:12','2019-10-16 15:10:12');
/*!40000 ALTER TABLE `items_sizes` ENABLE KEYS */;
UNLOCK TABLES;

--
-- Table structure for table `loancards`
--

DROP TABLE IF EXISTS `loancards`;
/*!40101 SET @saved_cs_client     = @@character_set_client */;
/*!40101 SET character_set_client = utf8 */;
CREATE TABLE `loancards` (
  `loancard_id` int(11) NOT NULL AUTO_INCREMENT,
  `issued_to` int(11) NOT NULL,
  `_date` datetime NOT NULL,
  `_closed` datetime DEFAULT NULL,
  `user_id` varchar(128) NOT NULL,
  `createdAt` datetime NOT NULL,
  `updatedAt` datetime NOT NULL,
  PRIMARY KEY (`loancard_id`),
  UNIQUE KEY `LOAN_CARD_ID_UNIQUE` (`loancard_id`)
) ENGINE=InnoDB DEFAULT CHARSET=utf8mb4;
/*!40101 SET character_set_client = @saved_cs_client */;

--
-- Dumping data for table `loancards`
--

LOCK TABLES `loancards` WRITE;
/*!40000 ALTER TABLE `loancards` DISABLE KEYS */;
/*!40000 ALTER TABLE `loancards` ENABLE KEYS */;
UNLOCK TABLES;

--
-- Table structure for table `loancardslines`
--

DROP TABLE IF EXISTS `loancardslines`;
/*!40101 SET @saved_cs_client     = @@character_set_client */;
/*!40101 SET character_set_client = utf8 */;
CREATE TABLE `loancardslines` (
  `line_id` int(11) NOT NULL AUTO_INCREMENT,
  `loancard_id` int(11) NOT NULL,
  `_loan_card_line` int(11) NOT NULL,
  `stock_id` int(11) NOT NULL,
  `_qty_issued` int(11) NOT NULL,
  `_qty_returned` int(11) DEFAULT NULL,
  `_date` datetime DEFAULT NULL,
  `_received_by` varchar(45) DEFAULT NULL,
  `createdAt` datetime NOT NULL,
  `updatedAt` datetime NOT NULL,
  PRIMARY KEY (`line_id`)
) ENGINE=InnoDB DEFAULT CHARSET=utf8mb4;
/*!40101 SET character_set_client = @saved_cs_client */;

--
-- Dumping data for table `loancardslines`
--

LOCK TABLES `loancardslines` WRITE;
/*!40000 ALTER TABLE `loancardslines` DISABLE KEYS */;
/*!40000 ALTER TABLE `loancardslines` ENABLE KEYS */;
UNLOCK TABLES;

--
-- Table structure for table `notes`
--

DROP TABLE IF EXISTS `notes`;
/*!40101 SET @saved_cs_client     = @@character_set_client */;
/*!40101 SET character_set_client = utf8 */;
CREATE TABLE `notes` (
  `note_id` int(11) NOT NULL AUTO_INCREMENT,
  `_link_table` varchar(30) NOT NULL,
  `_link_id` int(11) NOT NULL,
  `_note` varchar(1000) NOT NULL,
  `_system` tinyint(4) NOT NULL DEFAULT '0',
  `user_id` int(11) NOT NULL,
  `createdAt` datetime NOT NULL,
  `updatedAt` datetime NOT NULL,
  PRIMARY KEY (`note_id`),
  UNIQUE KEY `NOTEID_UNIQUE` (`note_id`)
) ENGINE=InnoDB AUTO_INCREMENT=53 DEFAULT CHARSET=utf8mb4;
/*!40101 SET character_set_client = @saved_cs_client */;

--
-- Dumping data for table `notes`
--

LOCK TABLES `notes` WRITE;
/*!40000 ALTER TABLE `notes` DISABLE KEYS */;
INSERT INTO `notes` VALUES (7,'users',7,'Check DoB',0,5,'2016-10-31 00:00:00','0000-00-00 00:00:00'),(8,'users',12,'Has female shirt',0,2,'2016-11-07 00:00:00','0000-00-00 00:00:00'),(16,'users',13,'User ID changed from chesmer to 21180116017',1,2,'2017-03-01 20:43:18','0000-00-00 00:00:00'),(17,'users',13,'User ID changed from 21180116017 to 2118010016017',1,3,'2017-03-01 20:43:41','0000-00-00 00:00:00'),(38,'requests',9,'ssss',0,4,'2017-12-04 23:59:03','0000-00-00 00:00:00'),(39,'requests',9,'Request declined',1,3,'2017-12-04 23:59:03','0000-00-00 00:00:00'),(40,'requests',10,'not required',0,2,'2017-12-05 00:00:03','0000-00-00 00:00:00'),(41,'requests',10,'Request declined',1,2,'2017-12-05 00:00:03','0000-00-00 00:00:00'),(47,'users',9,'test 1',0,3,'2018-04-13 22:12:13','0000-00-00 00:00:00'),(48,'items',1,'test',0,4,'2018-04-13 22:12:13','0000-00-00 00:00:00'),(49,'items_sizes',1,'test',0,3,'2018-04-13 22:12:13','0000-00-00 00:00:00'),(50,'items_sizes',1,'test',0,2,'2018-04-13 22:12:13','0000-00-00 00:00:00'),(52,'suppliers',1,'sdfgsfvdb',0,36,'2019-10-14 11:32:43','2019-10-14 11:32:43');
/*!40000 ALTER TABLE `notes` ENABLE KEYS */;
UNLOCK TABLES;

--
-- Table structure for table `orders`
--

DROP TABLE IF EXISTS `orders`;
/*!40101 SET @saved_cs_client     = @@character_set_client */;
/*!40101 SET character_set_client = utf8 */;
CREATE TABLE `orders` (
  `order_id` int(11) NOT NULL AUTO_INCREMENT,
  `stock_id` int(11) NOT NULL,
  `ordered_for` int(11) DEFAULT NULL,
  `_qty` int(11) NOT NULL,
  `_date_ordered` datetime DEFAULT NULL,
  `_date_placed` datetime NOT NULL,
  `demand_id` int(11) DEFAULT NULL,
  `receipt_id` int(11) DEFAULT NULL,
  `issue_id` int(11) DEFAULT NULL,
  `supplier_id` int(11) NOT NULL,
  `ordered_by` int(11) NOT NULL,
  `createdAt` datetime NOT NULL,
  `updatedAt` datetime NOT NULL,
  PRIMARY KEY (`order_id`),
  UNIQUE KEY `order_id_UNIQUE` (`order_id`)
) ENGINE=InnoDB DEFAULT CHARSET=utf8mb4;
/*!40101 SET character_set_client = @saved_cs_client */;

--
-- Dumping data for table `orders`
--

LOCK TABLES `orders` WRITE;
/*!40000 ALTER TABLE `orders` DISABLE KEYS */;
/*!40000 ALTER TABLE `orders` ENABLE KEYS */;
UNLOCK TABLES;

--
-- Table structure for table `permissions`
--

DROP TABLE IF EXISTS `permissions`;
/*!40101 SET @saved_cs_client     = @@character_set_client */;
/*!40101 SET character_set_client = utf8 */;
CREATE TABLE `permissions` (
  `user_id` int(11) NOT NULL,
  `account_enabled` tinyint(4) NOT NULL DEFAULT '0',
  `access_settings` tinyint(4) NOT NULL DEFAULT '0',
  `settings_edit` tinyint(4) NOT NULL DEFAULT '0',
  `settings_dropdown` tinyint(4) NOT NULL DEFAULT '0',
  `settings_dropdown_add` tinyint(4) NOT NULL DEFAULT '0',
  `settings_dropdown_edit` tinyint(4) NOT NULL DEFAULT '0',
  `settings_dropdown_delete` tinyint(4) NOT NULL DEFAULT '0',
  `settings_program` tinyint(4) NOT NULL DEFAULT '0',
  `settings_program_edit` tinyint(4) NOT NULL DEFAULT '0',
  `access_issues` tinyint(4) NOT NULL DEFAULT '0',
  `access_items` tinyint(4) NOT NULL DEFAULT '0',
  `access_locations` tinyint(4) NOT NULL DEFAULT '0',
  `access_nsns` tinyint(4) NOT NULL DEFAULT '0',
  `items_add` tinyint(4) NOT NULL DEFAULT '0',
  `items_edit` tinyint(4) NOT NULL DEFAULT '0',
  `items_delete` tinyint(4) NOT NULL DEFAULT '0',
  `items_size_add` tinyint(4) NOT NULL DEFAULT '0',
  `items_size_delete` tinyint(4) NOT NULL DEFAULT '0',
  `items_locations_add` tinyint(4) NOT NULL DEFAULT '0',
  `items_locations_edit` tinyint(4) NOT NULL DEFAULT '0',
  `items_locations_delete` tinyint(4) NOT NULL DEFAULT '0',
  `items_nsn_add` tinyint(4) NOT NULL DEFAULT '0',
  `items_nsn_edit` tinyint(4) NOT NULL DEFAULT '0',
  `items_nsn_delete` tinyint(4) NOT NULL DEFAULT '0',
  `items_receive` tinyint(4) NOT NULL DEFAULT '0',
  `items_count` tinyint(4) NOT NULL DEFAULT '0',
  `items_scrap` tinyint(4) NOT NULL DEFAULT '0',
  `items_issue` tinyint(4) NOT NULL DEFAULT '0',
  `items_return` tinyint(4) NOT NULL DEFAULT '0',
  `items_order` tinyint(4) NOT NULL DEFAULT '0',
  `items_stocktake` tinyint(4) NOT NULL DEFAULT '0',
  `access_users` tinyint(4) NOT NULL DEFAULT '0',
  `users_add` tinyint(4) NOT NULL DEFAULT '0',
  `users_edit` tinyint(4) NOT NULL DEFAULT '0',
  `users_permissions` tinyint(4) NOT NULL DEFAULT '0',
  `users_delete` tinyint(4) NOT NULL DEFAULT '0',
  `users_password` tinyint(4) NOT NULL DEFAULT '0',
  `users_status` tinyint(4) NOT NULL DEFAULT '0',
  `users_others` tinyint(4) NOT NULL DEFAULT '0',
  `access_notes` tinyint(4) NOT NULL DEFAULT '0',
  `notes_add` tinyint(4) NOT NULL DEFAULT '0',
  `notes_edit` tinyint(4) NOT NULL DEFAULT '0',
  `notes_delete` tinyint(4) NOT NULL DEFAULT '0',
  `access_requests` tinyint(4) NOT NULL DEFAULT '0',
  `requests_add` tinyint(4) NOT NULL DEFAULT '0',
  `requests_edit` tinyint(4) NOT NULL DEFAULT '0',
  `requests_delete` tinyint(4) NOT NULL DEFAULT '0',
  `requests_approve` tinyint(4) NOT NULL DEFAULT '0',
  `access_orders` tinyint(4) NOT NULL DEFAULT '0',
  `orders_place` tinyint(4) NOT NULL DEFAULT '0',
  `orders_edit` tinyint(4) NOT NULL DEFAULT '0',
  `access_demands` tinyint(4) NOT NULL DEFAULT '0',
  `demands_raise` tinyint(4) NOT NULL DEFAULT '0',
  `demands_search` tinyint(4) NOT NULL DEFAULT '0',
  `access_suppliers` tinyint(4) NOT NULL DEFAULT '0',
  `suppliers_add` tinyint(4) NOT NULL DEFAULT '0',
  `suppliers_edit` tinyint(4) NOT NULL DEFAULT '0',
  `suppliers_delete` tinyint(4) NOT NULL DEFAULT '0',
  `suppliers_search` tinyint(4) NOT NULL DEFAULT '0',
  `access_loan_cards` tinyint(4) NOT NULL DEFAULT '0',
  `access_reports` tinyint(4) NOT NULL DEFAULT '0',
  `access_print` tinyint(4) NOT NULL DEFAULT '0',
  `createdAt` datetime NOT NULL,
  `updatedAt` datetime NOT NULL,
  PRIMARY KEY (`user_id`)
) ENGINE=InnoDB DEFAULT CHARSET=utf8mb4;
/*!40101 SET character_set_client = @saved_cs_client */;

--
-- Dumping data for table `permissions`
--

LOCK TABLES `permissions` WRITE;
/*!40000 ALTER TABLE `permissions` DISABLE KEYS */;
INSERT INTO `permissions` VALUES (1,1,1,1,1,1,1,1,1,1,0,0,0,0,0,0,0,0,0,0,0,0,0,0,0,0,0,0,0,0,0,0,1,1,1,1,1,1,1,1,1,0,0,0,0,0,0,0,0,0,0,0,0,0,0,1,1,1,1,1,0,1,1,'0000-00-00 00:00:00','0000-00-00 00:00:00'),(2,1,0,0,0,0,0,0,0,0,1,0,0,0,0,0,0,0,0,0,0,0,0,0,0,0,0,0,0,0,0,0,1,1,0,0,0,0,0,0,1,0,0,0,1,1,1,1,0,1,0,1,0,0,0,0,0,0,0,0,1,0,1,'0000-00-00 00:00:00','0000-00-00 00:00:00'),(3,1,1,1,1,1,1,1,1,1,1,1,0,0,1,1,1,0,0,0,0,0,0,0,0,1,1,1,1,1,1,1,1,1,1,1,1,1,1,1,1,1,1,1,1,1,1,1,1,1,1,1,1,1,1,1,1,1,1,1,1,1,1,'0000-00-00 00:00:00','0000-00-00 00:00:00'),(4,1,1,1,1,1,1,1,1,1,0,0,0,0,0,0,0,0,0,0,0,0,0,0,0,0,0,0,0,0,0,0,0,0,0,1,0,0,0,1,0,0,0,0,0,0,0,0,0,0,0,0,0,0,0,0,0,0,0,0,1,1,1,'0000-00-00 00:00:00','0000-00-00 00:00:00'),(5,0,0,0,0,0,0,0,0,0,0,0,0,0,0,0,0,0,0,0,0,0,0,0,0,0,0,0,0,0,0,0,0,0,0,0,0,0,0,0,0,0,0,0,0,0,0,0,0,0,0,0,0,0,0,0,0,0,0,0,0,0,0,'0000-00-00 00:00:00','0000-00-00 00:00:00'),(6,0,0,0,0,0,0,0,0,0,0,0,0,0,0,0,0,0,0,0,0,0,0,0,0,0,0,0,0,0,0,0,0,0,0,0,0,0,0,0,0,0,0,0,0,0,0,0,0,0,0,0,0,0,0,0,0,0,0,0,0,0,0,'0000-00-00 00:00:00','0000-00-00 00:00:00'),(7,0,0,0,0,0,0,0,0,0,0,0,0,0,0,0,0,0,0,0,0,0,0,0,0,0,0,0,0,0,0,0,0,0,0,0,0,0,0,0,0,0,0,0,0,0,0,0,0,0,0,0,0,0,0,0,0,0,0,0,0,0,0,'0000-00-00 00:00:00','0000-00-00 00:00:00'),(8,0,0,0,0,0,0,0,0,0,0,0,0,0,0,0,0,0,0,0,0,0,0,0,0,0,0,0,0,0,0,0,0,0,0,0,0,0,0,0,0,0,0,0,0,0,0,0,0,0,0,0,0,0,0,0,0,0,0,0,0,0,0,'0000-00-00 00:00:00','0000-00-00 00:00:00'),(9,1,0,1,0,1,0,1,0,1,0,1,0,1,0,1,0,1,0,1,0,1,0,1,0,1,0,1,0,1,0,1,0,1,0,1,0,1,0,1,0,1,0,1,0,1,0,1,0,1,0,1,0,1,0,1,0,1,0,1,0,1,0,'0000-00-00 00:00:00','2019-10-15 22:19:05'),(10,0,0,0,0,0,0,0,0,0,0,0,0,0,0,0,0,0,0,0,0,0,0,0,0,0,0,0,0,0,0,0,0,0,0,0,0,0,0,0,0,0,0,0,0,0,0,0,0,0,0,0,0,0,0,0,0,0,0,0,0,0,0,'0000-00-00 00:00:00','0000-00-00 00:00:00'),(11,0,0,0,0,0,0,0,0,0,0,0,0,0,0,0,0,0,0,0,0,0,0,0,0,0,0,0,0,0,0,0,0,0,0,0,0,0,0,0,0,0,0,0,0,0,0,0,0,0,0,0,0,0,0,0,0,0,0,0,0,0,0,'0000-00-00 00:00:00','0000-00-00 00:00:00'),(12,0,0,0,0,0,0,0,0,0,0,0,0,0,0,0,0,0,0,0,0,0,0,0,0,0,0,0,0,0,0,0,0,0,0,0,0,0,0,0,0,0,0,0,0,0,0,0,0,0,0,0,0,0,0,0,0,0,0,0,0,0,0,'0000-00-00 00:00:00','0000-00-00 00:00:00'),(13,0,0,0,0,0,0,0,0,0,0,0,0,0,0,0,0,0,0,0,0,0,0,0,0,0,0,0,0,0,0,0,0,0,0,0,0,0,0,0,0,0,0,0,0,0,0,0,0,0,0,0,0,0,0,0,0,0,0,0,0,0,0,'0000-00-00 00:00:00','0000-00-00 00:00:00'),(14,0,0,0,0,0,0,0,0,0,0,0,0,0,0,0,0,0,0,0,0,0,0,0,0,0,0,0,0,0,0,0,0,0,0,0,0,0,0,0,0,0,0,0,0,0,0,0,0,0,0,0,0,0,0,0,0,0,0,0,0,0,0,'0000-00-00 00:00:00','0000-00-00 00:00:00'),(15,0,0,0,0,0,0,0,0,0,0,0,0,0,0,0,0,0,0,0,0,0,0,0,0,0,0,0,0,0,0,0,0,0,0,0,0,0,0,0,0,0,0,0,0,0,0,0,0,0,0,0,0,0,0,0,0,0,0,0,0,0,0,'0000-00-00 00:00:00','0000-00-00 00:00:00'),(16,0,0,0,0,0,0,0,0,0,0,0,0,0,0,0,0,0,0,0,0,0,0,0,0,0,0,0,0,0,0,0,0,0,0,0,0,0,0,0,0,0,0,0,0,0,0,0,0,0,0,0,0,0,0,0,0,0,0,0,0,0,0,'0000-00-00 00:00:00','0000-00-00 00:00:00'),(17,0,0,0,0,0,0,0,0,0,0,0,0,0,0,0,0,0,0,0,0,0,0,0,0,0,0,0,0,0,0,0,0,0,0,0,0,0,0,0,0,0,0,0,0,0,0,0,0,0,0,0,0,0,0,0,0,0,0,0,0,0,0,'0000-00-00 00:00:00','0000-00-00 00:00:00'),(35,1,0,0,0,0,0,0,0,0,0,0,0,0,0,0,0,0,0,0,0,0,0,0,0,0,0,0,0,0,0,0,0,0,0,0,0,0,0,0,0,0,0,0,0,0,0,0,0,0,0,0,0,0,0,0,0,0,0,0,0,0,0,'0000-00-00 00:00:00','0000-00-00 00:00:00'),(36,1,1,1,1,1,1,1,1,1,1,1,1,1,1,1,1,1,1,1,1,1,1,1,1,1,1,1,1,1,1,1,1,1,1,1,1,1,1,1,1,1,1,1,1,1,1,1,1,1,1,1,1,1,1,1,1,1,1,1,1,1,1,'0000-00-00 00:00:00','0000-00-00 00:00:00');
/*!40000 ALTER TABLE `permissions` ENABLE KEYS */;
UNLOCK TABLES;

--
-- Table structure for table `ranks`
--

DROP TABLE IF EXISTS `ranks`;
/*!40101 SET @saved_cs_client     = @@character_set_client */;
/*!40101 SET character_set_client = utf8 */;
CREATE TABLE `ranks` (
  `rank_id` int(11) NOT NULL AUTO_INCREMENT,
  `_rank` varchar(10) NOT NULL,
  `createdAt` datetime DEFAULT NULL,
  `updatedAt` datetime DEFAULT NULL,
  PRIMARY KEY (`rank_id`),
  UNIQUE KEY `rank_id_UNIQUE` (`rank_id`)
) ENGINE=InnoDB AUTO_INCREMENT=18 DEFAULT CHARSET=utf8mb4;
/*!40101 SET character_set_client = @saved_cs_client */;

--
-- Dumping data for table `ranks`
--

LOCK TABLES `ranks` WRITE;
/*!40000 ALTER TABLE `ranks` DISABLE KEYS */;
INSERT INTO `ranks` VALUES (1,'Cdt',NULL,NULL),(2,'Cpl',NULL,NULL),(3,'Sgt',NULL,NULL),(4,'FS',NULL,NULL),(5,'CWO',NULL,NULL),(6,'A Sgt',NULL,NULL),(7,'A FS',NULL,NULL),(8,'A WO',NULL,NULL),(9,'Plt Off',NULL,NULL),(10,'Fg Off',NULL,NULL),(11,'Flt Lt',NULL,NULL),(12,'Sqn Ldr',NULL,NULL),(13,'Other',NULL,NULL),(14,'CI',NULL,NULL),(15,'LAC',NULL,NULL),(16,'SAC',NULL,NULL),(17,'SAC(T)',NULL,NULL);
/*!40000 ALTER TABLE `ranks` ENABLE KEYS */;
UNLOCK TABLES;

--
-- Table structure for table `receipts`
--

DROP TABLE IF EXISTS `receipts`;
/*!40101 SET @saved_cs_client     = @@character_set_client */;
/*!40101 SET character_set_client = utf8 */;
CREATE TABLE `receipts` (
  `receipt_id` int(11) NOT NULL AUTO_INCREMENT,
  `stock_id` int(11) NOT NULL,
  `supplier_id` int(11) NOT NULL,
  `_qty` int(11) NOT NULL,
  `_date` datetime NOT NULL,
  `user_id` varchar(128) NOT NULL,
  `createdAt` datetime NOT NULL,
  `updatedAt` datetime NOT NULL,
  PRIMARY KEY (`receipt_id`),
  UNIQUE KEY `receipt_id_UNIQUE` (`receipt_id`)
) ENGINE=InnoDB DEFAULT CHARSET=utf8mb4;
/*!40101 SET character_set_client = @saved_cs_client */;

--
-- Dumping data for table `receipts`
--

LOCK TABLES `receipts` WRITE;
/*!40000 ALTER TABLE `receipts` DISABLE KEYS */;
/*!40000 ALTER TABLE `receipts` ENABLE KEYS */;
UNLOCK TABLES;

--
-- Table structure for table `requests`
--

DROP TABLE IF EXISTS `requests`;
/*!40101 SET @saved_cs_client     = @@character_set_client */;
/*!40101 SET character_set_client = utf8 */;
CREATE TABLE `requests` (
  `request_id` int(11) NOT NULL AUTO_INCREMENT,
  `requested_by` int(11) NOT NULL,
  `stock_id` int(11) NOT NULL,
  `_qty` int(11) NOT NULL,
  `requested_for` int(11) NOT NULL,
  `_date_requested` datetime NOT NULL,
  `_status` varchar(15) NOT NULL,
  `_date_approval` datetime DEFAULT NULL,
  `approved_by` int(11) DEFAULT NULL,
  `createdAt` datetime NOT NULL,
  `updatedAt` datetime NOT NULL,
  PRIMARY KEY (`request_id`),
  UNIQUE KEY `REQUESTID_UNIQUE` (`request_id`)
) ENGINE=InnoDB DEFAULT CHARSET=utf8mb4;
/*!40101 SET character_set_client = @saved_cs_client */;

--
-- Dumping data for table `requests`
--

LOCK TABLES `requests` WRITE;
/*!40000 ALTER TABLE `requests` DISABLE KEYS */;
/*!40000 ALTER TABLE `requests` ENABLE KEYS */;
UNLOCK TABLES;

--
-- Table structure for table `saved_reports`
--

DROP TABLE IF EXISTS `saved_reports`;
/*!40101 SET @saved_cs_client     = @@character_set_client */;
/*!40101 SET character_set_client = utf8 */;
CREATE TABLE `saved_reports` (
  `report_id` int(11) NOT NULL AUTO_INCREMENT,
  `_name` varchar(20) NOT NULL,
  `_filename` varchar(1000) NOT NULL,
  `createdAt` datetime NOT NULL,
  `updatedAt` datetime NOT NULL,
  PRIMARY KEY (`report_id`),
  UNIQUE KEY `report_id_UNIQUE` (`report_id`)
) ENGINE=InnoDB DEFAULT CHARSET=utf8mb4;
/*!40101 SET character_set_client = @saved_cs_client */;

--
-- Dumping data for table `saved_reports`
--

LOCK TABLES `saved_reports` WRITE;
/*!40000 ALTER TABLE `saved_reports` DISABLE KEYS */;
/*!40000 ALTER TABLE `saved_reports` ENABLE KEYS */;
UNLOCK TABLES;

--
-- Table structure for table `settings`
--

DROP TABLE IF EXISTS `settings`;
/*!40101 SET @saved_cs_client     = @@character_set_client */;
/*!40101 SET character_set_client = utf8 */;
CREATE TABLE `settings` (
  `setting_id` int(11) NOT NULL AUTO_INCREMENT,
  `_name` varchar(45) NOT NULL,
  `_value` varchar(255) NOT NULL,
  `createdAt` datetime NOT NULL,
  `updatedAt` datetime NOT NULL,
  PRIMARY KEY (`setting_id`),
  UNIQUE KEY `SETTINGS_NAME_UNIQUE` (`_name`),
  UNIQUE KEY `setting_id_UNIQUE` (`setting_id`)
) ENGINE=InnoDB AUTO_INCREMENT=19 DEFAULT CHARSET=utf8mb4;
/*!40101 SET character_set_client = @saved_cs_client */;

--
-- Dumping data for table `settings`
--

LOCK TABLES `settings` WRITE;
/*!40000 ALTER TABLE `settings` DISABLE KEYS */;
INSERT INTO `settings` VALUES (1,'Email_Address','idsoftwareer@gmail.com','0000-00-00 00:00:00','0000-00-00 00:00:00'),(2,'Email_Host','smtp.gmail.com','0000-00-00 00:00:00','0000-00-00 00:00:00'),(3,'Email_Password','DHFl3Yvy76BbbwopWPEL0u6zim9aB3mQYzcRRzotQmHWP5oCWBm2yw==','0000-00-00 00:00:00','0000-00-00 00:00:00'),(4,'Email_Port','587','0000-00-00 00:00:00','0000-00-00 00:00:00'),(5,'Email_SSL','True','0000-00-00 00:00:00','0000-00-00 00:00:00'),(6,'Email_Username','5aRhkwrLPS8VnBvTSOVpN5SxmYMBBszTqPew/vX0GuAsEhbftj4DkKoO7KtNMido','0000-00-00 00:00:00','0000-00-00 00:00:00'),(7,'Print_Loan_Card','False','0000-00-00 00:00:00','0000-00-00 00:00:00'),(8,'Print_Loan_Card_Outline','True','0000-00-00 00:00:00','0000-00-00 00:00:00'),(9,'Stocktake','False','0000-00-00 00:00:00','0000-00-00 00:00:00'),(10,'Stocktake_First_Count','False','0000-00-00 00:00:00','0000-00-00 00:00:00'),(11,'Stocktake_Inventory','1','0000-00-00 00:00:00','0000-00-00 00:00:00'),(12,'Inventory_Code','JBU','0000-00-00 00:00:00','0000-00-00 00:00:00'),(13,'Inventory_Sqn','1801 (Alnwick)','0000-00-00 00:00:00','0000-00-00 00:00:00'),(14,'Inventory_Wing','Durham & Northumberland','0000-00-00 00:00:00','0000-00-00 00:00:00'),(15,'Inventory_Holder','Rhiannon McGrail','0000-00-00 00:00:00','0000-00-00 00:00:00'),(16,'Inventory_Rank','FS (RAFAC)','0000-00-00 00:00:00','0000-00-00 00:00:00'),(17,'Inventory_Parent_Unit','RAF Boulmer','0000-00-00 00:00:00','0000-00-00 00:00:00'),(18,'Inventory_Email','oc.1801@aircadets.org','0000-00-00 00:00:00','0000-00-00 00:00:00');
/*!40000 ALTER TABLE `settings` ENABLE KEYS */;
UNLOCK TABLES;

--
-- Table structure for table `sizes`
--

DROP TABLE IF EXISTS `sizes`;
/*!40101 SET @saved_cs_client     = @@character_set_client */;
/*!40101 SET character_set_client = utf8 */;
CREATE TABLE `sizes` (
  `size_id` int(11) NOT NULL AUTO_INCREMENT,
  `_text` varchar(15) NOT NULL,
  `updatedAt` datetime DEFAULT NULL,
  `createdAt` datetime DEFAULT NULL,
  PRIMARY KEY (`size_id`),
  UNIQUE KEY `size_id_UNIQUE` (`size_id`),
  UNIQUE KEY `_text_UNIQUE` (`_text`)
) ENGINE=InnoDB AUTO_INCREMENT=211 DEFAULT CHARSET=utf8mb4;
/*!40101 SET character_set_client = @saved_cs_client */;

--
-- Dumping data for table `sizes`
--

LOCK TABLES `sizes` WRITE;
/*!40000 ALTER TABLE `sizes` DISABLE KEYS */;
INSERT INTO `sizes` VALUES (1,'64/114',NULL,NULL),(2,'None',NULL,NULL),(3,'48',NULL,NULL),(4,'49',NULL,NULL),(5,'50',NULL,NULL),(6,'51',NULL,NULL),(7,'52',NULL,NULL),(8,'53',NULL,NULL),(9,'54',NULL,NULL),(10,'55',NULL,NULL),(11,'56',NULL,NULL),(12,'57',NULL,NULL),(13,'58',NULL,NULL),(14,'59',NULL,NULL),(15,'60',NULL,NULL),(16,'61',NULL,NULL),(17,'62',NULL,NULL),(18,'160/84',NULL,NULL),(19,'170/92',NULL,NULL),(20,'170/100',NULL,NULL),(21,'170/108',NULL,NULL),(22,'180/92',NULL,NULL),(23,'180/100',NULL,NULL),(24,'180/108',NULL,NULL),(25,'190/100',NULL,NULL),(26,'190/108',NULL,NULL),(27,'190/116',NULL,NULL),(29,'1',NULL,NULL),(30,'74',NULL,NULL),(31,'82',NULL,NULL),(32,'88',NULL,NULL),(33,'94',NULL,NULL),(34,'100',NULL,NULL),(35,'106',NULL,NULL),(36,'112',NULL,NULL),(37,'118',NULL,NULL),(39,'71/100/124',NULL,NULL),(40,'75/64/92',NULL,NULL),(41,'75/100/124',NULL,NULL),(42,'75/104/128',NULL,NULL),(43,'66/68/74',NULL,NULL),(44,'69/72/84',NULL,NULL),(45,'72/72/88',NULL,NULL),(46,'72/76/92',NULL,NULL),(47,'72/80/96',NULL,NULL),(48,'72/84/100',NULL,NULL),(49,'72/88/104',NULL,NULL),(50,'75/72/88',NULL,NULL),(51,'75/76/92',NULL,NULL),(52,'75/80/96',NULL,NULL),(53,'75/84/100',NULL,NULL),(54,'75/88/104',NULL,NULL),(55,'75/92/108',NULL,NULL),(56,'80/72/88',NULL,NULL),(57,'80/76/92',NULL,NULL),(58,'80/80/96',NULL,NULL),(59,'80/84/100',NULL,NULL),(60,'80/88/104',NULL,NULL),(61,'80/92/108',NULL,NULL),(62,'80/96/112',NULL,NULL),(63,'80/100/120',NULL,NULL),(64,'80/104/120',NULL,NULL),(65,'85/76/92',NULL,NULL),(66,'85/80/96',NULL,NULL),(67,'85/84/100',NULL,NULL),(68,'85/88/104',NULL,NULL),(69,'85/92/108',NULL,NULL),(70,'85/96/112',NULL,NULL),(71,'85/100/116',NULL,NULL),(72,'85/104/120',NULL,NULL),(73,'85/108/124',NULL,NULL),(74,'114/130',NULL,NULL),(75,'160/88',NULL,NULL),(76,'160/96',NULL,NULL),(77,'160/104',NULL,NULL),(78,'170/88',NULL,NULL),(79,'170/96',NULL,NULL),(80,'170/104',NULL,NULL),(81,'170/112',NULL,NULL),(82,'180/96',NULL,NULL),(83,'180/104',NULL,NULL),(84,'180/112',NULL,NULL),(85,'190/96',NULL,NULL),(86,'190/104',NULL,NULL),(87,'190/112',NULL,NULL),(88,'190/120',NULL,NULL),(89,'72/64/92',NULL,NULL),(90,'72/68/96',NULL,NULL),(91,'72/72/104',NULL,NULL),(92,'72/76/104',NULL,NULL),(93,'72/80/108',NULL,NULL),(94,'72/84/108',NULL,NULL),(95,'72/88/112',NULL,NULL),(96,'77/64/92',NULL,NULL),(97,'77/68/96',NULL,NULL),(98,'77/72/100',NULL,NULL),(99,'77/76/104',NULL,NULL),(100,'77/80/108',NULL,NULL),(101,'77/84/108',NULL,NULL),(102,'77/88/112',NULL,NULL),(103,'77/92/116',NULL,NULL),(104,'82/68/96',NULL,NULL),(105,'82/72/100',NULL,NULL),(106,'82/76/104',NULL,NULL),(107,'82/80/108',NULL,NULL),(108,'82/84/108',NULL,NULL),(109,'124',NULL,NULL),(110,'130',NULL,NULL),(111,'136',NULL,NULL),(112,'75/68/84',NULL,NULL),(113,'85/112/108',NULL,NULL),(114,'90/112/108',NULL,NULL),(115,'67/92/120',NULL,NULL),(116,'67/96/124',NULL,NULL),(117,'71/96/124',NULL,NULL),(118,'75/88/116',NULL,NULL),(119,'75/92/120',NULL,NULL),(120,'75/96/124',NULL,NULL),(121,'72/92/120',NULL,NULL),(122,'72/96/124',NULL,NULL),(123,'77/96/124',NULL,NULL),(124,'82/88/116',NULL,NULL),(125,'82/92/120',NULL,NULL),(126,'82/96/120',NULL,NULL),(127,'32/88',NULL,NULL),(128,'33/88',NULL,NULL),(129,'34/88',NULL,NULL),(130,'34/92',NULL,NULL),(131,'35/92',NULL,NULL),(132,'35/96',NULL,NULL),(133,'36/96',NULL,NULL),(134,'36/100',NULL,NULL),(135,'37/100',NULL,NULL),(136,'37/104',NULL,NULL),(137,'38/104',NULL,NULL),(138,'38/108',NULL,NULL),(139,'39/108',NULL,NULL),(140,'39/112',NULL,NULL),(141,'40/112',NULL,NULL),(142,'41/112',NULL,NULL),(143,'43',NULL,NULL),(144,'44',NULL,NULL),(145,'45',NULL,NULL),(146,'31',NULL,NULL),(147,'32',NULL,NULL),(148,'33',NULL,NULL),(149,'34',NULL,NULL),(150,'35',NULL,NULL),(151,'36',NULL,NULL),(152,'37',NULL,NULL),(153,'38',NULL,NULL),(154,'39',NULL,NULL),(155,'40',NULL,NULL),(156,'41',NULL,NULL),(157,'42',NULL,NULL),(158,'46',NULL,NULL),(159,'47',NULL,NULL),(160,'32/34',NULL,NULL),(161,'35/37',NULL,NULL),(162,'38/40',NULL,NULL),(163,'41/43',NULL,NULL),(164,'44/46',NULL,NULL),(165,'47/48',NULL,NULL),(166,'63/60/88',NULL,NULL),(167,'63/64/92',NULL,NULL),(168,'63/76/104',NULL,NULL),(169,'67/64/92',NULL,NULL),(170,'67/68/100',NULL,NULL),(171,'67/72/104',NULL,NULL),(172,'67/76/104',NULL,NULL),(173,'67/80/108',NULL,NULL),(174,'67/84/112',NULL,NULL),(175,'67/88/116',NULL,NULL),(176,'71/64/92',NULL,NULL),(177,'71/68/100',NULL,NULL),(178,'71/72/104',NULL,NULL),(179,'71/76/104',NULL,NULL),(180,'71/80/108',NULL,NULL),(181,'71/84/112',NULL,NULL),(182,'71/88/116',NULL,NULL),(183,'71/92/120',NULL,NULL),(184,'75/68/100',NULL,NULL),(185,'75/72/104',NULL,NULL),(186,'75/76/104',NULL,NULL),(187,'75/80/108',NULL,NULL),(188,'75/84/108',NULL,NULL),(190,'63/80/108',NULL,NULL),(191,'66/68/76',NULL,NULL),(192,'Short',NULL,NULL),(193,'Long',NULL,NULL),(194,'One',NULL,NULL),(195,'180/120',NULL,NULL),(197,'67/96/120',NULL,NULL),(198,'67/68/96',NULL,NULL),(199,'67/72/100',NULL,NULL),(200,'67/84/108',NULL,NULL),(201,'67/88/112',NULL,NULL),(202,'67/92/116',NULL,NULL),(203,'71/68/96',NULL,NULL),(204,'71/72/100',NULL,NULL),(205,'71/84/108',NULL,NULL),(206,'71/88/112',NULL,NULL),(207,'71/92/116',NULL,NULL),(208,'71/96/120',NULL,NULL),(209,'75/84/112',NULL,NULL),(210,'75/96/120',NULL,NULL);
/*!40000 ALTER TABLE `sizes` ENABLE KEYS */;
UNLOCK TABLES;

--
-- Table structure for table `statuses`
--

DROP TABLE IF EXISTS `statuses`;
/*!40101 SET @saved_cs_client     = @@character_set_client */;
/*!40101 SET character_set_client = utf8 */;
CREATE TABLE `statuses` (
  `status_id` int(11) NOT NULL AUTO_INCREMENT,
  `_status` varchar(20) NOT NULL,
  `createdAt` datetime DEFAULT NULL,
  `updatedAt` datetime DEFAULT NULL,
  PRIMARY KEY (`status_id`),
  UNIQUE KEY `status_id_UNIQUE` (`status_id`)
) ENGINE=InnoDB AUTO_INCREMENT=5 DEFAULT CHARSET=utf8mb4;
/*!40101 SET character_set_client = @saved_cs_client */;

--
-- Dumping data for table `statuses`
--

LOCK TABLES `statuses` WRITE;
/*!40000 ALTER TABLE `statuses` DISABLE KEYS */;
INSERT INTO `statuses` VALUES (1,'Current',NULL,NULL),(2,'Suspended',NULL,NULL),(3,'Discharged',NULL,NULL),(4,'Admin',NULL,NULL);
/*!40000 ALTER TABLE `statuses` ENABLE KEYS */;
UNLOCK TABLES;

--
-- Table structure for table `stocktake_check`
--

DROP TABLE IF EXISTS `stocktake_check`;
/*!40101 SET @saved_cs_client     = @@character_set_client */;
/*!40101 SET character_set_client = utf8 */;
CREATE TABLE `stocktake_check` (
  `check_id` int(11) NOT NULL AUTO_INCREMENT,
  `stock_id` int(11) NOT NULL,
  `_qty` int(11) NOT NULL,
  `_confirmed` tinyint(4) NOT NULL DEFAULT '0',
  `createdAt` datetime NOT NULL,
  `updatedAt` datetime NOT NULL,
  PRIMARY KEY (`check_id`),
  UNIQUE KEY `STOCKNUM_UNIQUE` (`stock_id`),
  UNIQUE KEY `check_id_UNIQUE` (`check_id`)
) ENGINE=InnoDB DEFAULT CHARSET=utf8mb4;
/*!40101 SET character_set_client = @saved_cs_client */;

--
-- Dumping data for table `stocktake_check`
--

LOCK TABLES `stocktake_check` WRITE;
/*!40000 ALTER TABLE `stocktake_check` DISABLE KEYS */;
/*!40000 ALTER TABLE `stocktake_check` ENABLE KEYS */;
UNLOCK TABLES;

--
-- Table structure for table `stocktake_count`
--

DROP TABLE IF EXISTS `stocktake_count`;
/*!40101 SET @saved_cs_client     = @@character_set_client */;
/*!40101 SET character_set_client = utf8 */;
CREATE TABLE `stocktake_count` (
  `stocktake_id` int(11) NOT NULL AUTO_INCREMENT,
  `stock_id` int(11) NOT NULL,
  `_location` varchar(45) NOT NULL,
  `_qty` int(11) NOT NULL,
  `createdAt` datetime NOT NULL,
  `updatedAt` datetime NOT NULL,
  PRIMARY KEY (`stocktake_id`),
  UNIQUE KEY `count_id_UNIQUE` (`stocktake_id`)
) ENGINE=InnoDB DEFAULT CHARSET=utf8mb4;
/*!40101 SET character_set_client = @saved_cs_client */;

--
-- Dumping data for table `stocktake_count`
--

LOCK TABLES `stocktake_count` WRITE;
/*!40000 ALTER TABLE `stocktake_count` DISABLE KEYS */;
/*!40000 ALTER TABLE `stocktake_count` ENABLE KEYS */;
UNLOCK TABLES;

--
-- Table structure for table `stocktake_locations`
--

DROP TABLE IF EXISTS `stocktake_locations`;
/*!40101 SET @saved_cs_client     = @@character_set_client */;
/*!40101 SET character_set_client = utf8 */;
CREATE TABLE `stocktake_locations` (
  `location_id` int(11) NOT NULL AUTO_INCREMENT,
  `createdAt` datetime NOT NULL,
  `updatedAt` datetime NOT NULL,
  PRIMARY KEY (`location_id`)
) ENGINE=InnoDB DEFAULT CHARSET=utf8mb4;
/*!40101 SET character_set_client = @saved_cs_client */;

--
-- Dumping data for table `stocktake_locations`
--

LOCK TABLES `stocktake_locations` WRITE;
/*!40000 ALTER TABLE `stocktake_locations` DISABLE KEYS */;
/*!40000 ALTER TABLE `stocktake_locations` ENABLE KEYS */;
UNLOCK TABLES;

--
-- Table structure for table `subtypes`
--

DROP TABLE IF EXISTS `subtypes`;
/*!40101 SET @saved_cs_client     = @@character_set_client */;
/*!40101 SET character_set_client = utf8 */;
CREATE TABLE `subtypes` (
  `subtype_id` int(11) NOT NULL AUTO_INCREMENT,
  `_parent` int(11) NOT NULL,
  `_sub_type` varchar(45) NOT NULL,
  `createdAt` datetime DEFAULT NULL,
  `updatedAt` datetime DEFAULT NULL,
  PRIMARY KEY (`subtype_id`),
  UNIQUE KEY `subtype_id_UNIQUE` (`subtype_id`)
) ENGINE=InnoDB AUTO_INCREMENT=44 DEFAULT CHARSET=utf8mb4;
/*!40101 SET character_set_client = @saved_cs_client */;

--
-- Dumping data for table `subtypes`
--

LOCK TABLES `subtypes` WRITE;
/*!40000 ALTER TABLE `subtypes` DISABLE KEYS */;
INSERT INTO `subtypes` VALUES (1,1,'Ties',NULL,NULL),(2,1,'Belts',NULL,NULL),(3,5,'Light Blue',NULL,NULL),(4,5,'Dark Blue',NULL,NULL),(5,10,'Trousers',NULL,NULL),(6,10,'Jackets',NULL,NULL),(7,10,'Smocks',NULL,NULL),(8,10,'Waterproofs',NULL,NULL),(9,11,'Trousers',NULL,NULL),(10,11,'Jackets',NULL,NULL),(11,11,'Smocks',NULL,NULL),(12,11,'Waterproofs',NULL,NULL),(13,28,'Webbing',NULL,NULL),(14,28,'Bergen',NULL,NULL),(15,1,'Other',NULL,NULL),(16,2,'Other',NULL,NULL),(17,3,'Other',NULL,NULL),(18,4,'Other',NULL,NULL),(19,5,'Other',NULL,NULL),(20,6,'Other',NULL,NULL),(21,7,'Other',NULL,NULL),(22,8,'Other',NULL,NULL),(23,9,'Other',NULL,NULL),(24,10,'Other',NULL,NULL),(25,11,'Other',NULL,NULL),(26,12,'Other',NULL,NULL),(27,13,'Other',NULL,NULL),(28,14,'Other',NULL,NULL),(29,15,'Other',NULL,NULL),(30,16,'Other',NULL,NULL),(31,17,'Other',NULL,NULL),(32,18,'Other',NULL,NULL),(33,19,'Other',NULL,NULL),(34,20,'Other',NULL,NULL),(35,21,'Other',NULL,NULL),(36,22,'Other',NULL,NULL),(37,23,'Other',NULL,NULL),(38,24,'Other',NULL,NULL),(39,25,'Other',NULL,NULL),(40,26,'Other',NULL,NULL),(41,27,'Other',NULL,NULL),(42,28,'Other',NULL,NULL),(43,2,'Berets',NULL,NULL);
/*!40000 ALTER TABLE `subtypes` ENABLE KEYS */;
UNLOCK TABLES;

--
-- Table structure for table `suppliers`
--

DROP TABLE IF EXISTS `suppliers`;
/*!40101 SET @saved_cs_client     = @@character_set_client */;
/*!40101 SET character_set_client = utf8 */;
CREATE TABLE `suppliers` (
  `supplier_id` int(11) NOT NULL AUTO_INCREMENT,
  `_name` varchar(20) NOT NULL,
  `_address1` varchar(45) DEFAULT NULL,
  `_address2` varchar(45) DEFAULT NULL,
  `_address3` varchar(45) DEFAULT NULL,
  `_address4` varchar(45) DEFAULT NULL,
  `_address5` varchar(45) DEFAULT NULL,
  `_telephone` varchar(20) DEFAULT NULL,
  `_stores` tinyint(4) NOT NULL DEFAULT '0',
  `_email` varchar(255) DEFAULT NULL,
  `_default` tinyint(4) NOT NULL DEFAULT '0',
  `createdAt` datetime NOT NULL,
  `updatedAt` datetime NOT NULL,
  PRIMARY KEY (`supplier_id`),
  UNIQUE KEY `SUPPLIERID_UNIQUE` (`supplier_id`)
) ENGINE=InnoDB AUTO_INCREMENT=4 DEFAULT CHARSET=utf8mb4;
/*!40101 SET character_set_client = @saved_cs_client */;

--
-- Dumping data for table `suppliers`
--

LOCK TABLES `suppliers` WRITE;
/*!40000 ALTER TABLE `suppliers` DISABLE KEYS */;
INSERT INTO `suppliers` VALUES (1,'Parent Stores',NULL,NULL,NULL,NULL,NULL,NULL,1,NULL,1,'0000-00-00 00:00:00','0000-00-00 00:00:00'),(2,'Wing HQ',NULL,NULL,NULL,NULL,NULL,NULL,0,NULL,0,'0000-00-00 00:00:00','0000-00-00 00:00:00'),(3,'None',NULL,NULL,NULL,NULL,NULL,NULL,0,NULL,0,'0000-00-00 00:00:00','0000-00-00 00:00:00');
/*!40000 ALTER TABLE `suppliers` ENABLE KEYS */;
UNLOCK TABLES;

--
-- Table structure for table `types`
--

DROP TABLE IF EXISTS `types`;
/*!40101 SET @saved_cs_client     = @@character_set_client */;
/*!40101 SET character_set_client = utf8 */;
CREATE TABLE `types` (
  `type_id` int(11) NOT NULL AUTO_INCREMENT,
  `_parent` int(11) DEFAULT NULL,
  `_type` varchar(45) NOT NULL,
  `createdAt` datetime NOT NULL,
  `updatedAt` datetime NOT NULL,
  PRIMARY KEY (`type_id`),
  UNIQUE KEY `combo_id_UNIQUE` (`type_id`)
) ENGINE=InnoDB AUTO_INCREMENT=29 DEFAULT CHARSET=utf8mb4;
/*!40101 SET character_set_client = @saved_cs_client */;

--
-- Dumping data for table `types`
--

LOCK TABLES `types` WRITE;
/*!40000 ALTER TABLE `types` DISABLE KEYS */;
INSERT INTO `types` VALUES (1,1,'Ancilliaries','0000-00-00 00:00:00','0000-00-00 00:00:00'),(2,3,'Headwear','0000-00-00 00:00:00','0000-00-00 00:00:00'),(3,3,'Badges','0000-00-00 00:00:00','0000-00-00 00:00:00'),(4,1,'Shoes','0000-00-00 00:00:00','0000-00-00 00:00:00'),(5,1,'Shirts','0000-00-00 00:00:00','0000-00-00 00:00:00'),(6,1,'Skirts','0000-00-00 00:00:00','0000-00-00 00:00:00'),(7,1,'Jumpers','0000-00-00 00:00:00','0000-00-00 00:00:00'),(8,1,'Trousers','0000-00-00 00:00:00','0000-00-00 00:00:00'),(9,1,'Foul Weather','0000-00-00 00:00:00','0000-00-00 00:00:00'),(10,2,'PCS','0000-00-00 00:00:00','0000-00-00 00:00:00'),(11,2,'S95','0000-00-00 00:00:00','0000-00-00 00:00:00'),(12,8,'Gas','0000-00-00 00:00:00','0000-00-00 00:00:00'),(13,8,'Stoves','0000-00-00 00:00:00','0000-00-00 00:00:00'),(14,9,'Mats','0000-00-00 00:00:00','0000-00-00 00:00:00'),(15,9,'Bags','0000-00-00 00:00:00','0000-00-00 00:00:00'),(16,1,'Slacks','0000-00-00 00:00:00','0000-00-00 00:00:00'),(17,2,'Boots','0000-00-00 00:00:00','0000-00-00 00:00:00'),(18,1,'Other','0000-00-00 00:00:00','0000-00-00 00:00:00'),(19,2,'Other','0000-00-00 00:00:00','0000-00-00 00:00:00'),(20,3,'Other','0000-00-00 00:00:00','0000-00-00 00:00:00'),(21,4,'Other','0000-00-00 00:00:00','0000-00-00 00:00:00'),(22,5,'Other','0000-00-00 00:00:00','0000-00-00 00:00:00'),(23,6,'Other','0000-00-00 00:00:00','0000-00-00 00:00:00'),(24,7,'Other','0000-00-00 00:00:00','0000-00-00 00:00:00'),(25,8,'Other','0000-00-00 00:00:00','0000-00-00 00:00:00'),(26,9,'Other','0000-00-00 00:00:00','0000-00-00 00:00:00'),(27,10,'Other','0000-00-00 00:00:00','0000-00-00 00:00:00'),(28,2,'Equipment','0000-00-00 00:00:00','0000-00-00 00:00:00');
/*!40000 ALTER TABLE `types` ENABLE KEYS */;
UNLOCK TABLES;

--
-- Table structure for table `users`
--

DROP TABLE IF EXISTS `users`;
/*!40101 SET @saved_cs_client     = @@character_set_client */;
/*!40101 SET character_set_client = utf8 */;
CREATE TABLE `users` (
  `user_id` int(11) NOT NULL AUTO_INCREMENT,
  `_bader` varchar(20) NOT NULL,
  `_name` varchar(50) NOT NULL,
  `_ini` varchar(5) DEFAULT NULL,
  `_rank` int(11) DEFAULT NULL,
  `_gender` int(11) DEFAULT NULL,
  `_status` int(11) NOT NULL DEFAULT '12',
  `_login_id` varchar(30) NOT NULL,
  `_password` varchar(255) NOT NULL,
  `_salt` varchar(255) NOT NULL,
  `_reset` tinyint(4) NOT NULL DEFAULT '1',
  `_last_login` datetime DEFAULT NULL,
  `createdAt` datetime NOT NULL,
  `updatedAt` datetime NOT NULL,
  PRIMARY KEY (`user_id`),
  UNIQUE KEY `user_id_UNIQUE` (`user_id`,`_bader`,`_login_id`),
  UNIQUE KEY `_bader_UNIQUE` (`_bader`),
  UNIQUE KEY `_login_id_UNIQUE` (`_login_id`),
  KEY `_rank` (`_rank`),
  KEY `_gender` (`_gender`),
  KEY `_status` (`_status`),
  CONSTRAINT `users_ibfk_1` FOREIGN KEY (`_rank`) REFERENCES `ranks` (`rank_id`),
  CONSTRAINT `users_ibfk_2` FOREIGN KEY (`_gender`) REFERENCES `genders` (`gender_id`),
  CONSTRAINT `users_ibfk_3` FOREIGN KEY (`_status`) REFERENCES `statuses` (`status_id`)
) ENGINE=InnoDB AUTO_INCREMENT=37 DEFAULT CHARSET=utf8mb4;
/*!40101 SET character_set_client = @saved_cs_client */;

--
-- Dumping data for table `users`
--

LOCK TABLES `users` WRITE;
/*!40000 ALTER TABLE `users` DISABLE KEYS */;
INSERT INTO `users` VALUES (1,'admin','Administrator','',13,5,4,'admin','$2b$10$ZI5hx9zS/9DFEau3eGPC1uzYjVgVUs/wj8nO3KGRmSO1dFNQq0qRi','$2b$10$ZI5hx9zS/9DFEau3eGPC1u',0,'2016-10-31 00:00:00','0000-00-00 00:00:00','0000-00-00 00:00:00'),(2,'2118010012019','Browell','G',1,2,2,'2118010012019','DjOBvNhkLJlyo5XIRdxX7nbLLhwyGQci','',0,'2016-10-31 00:00:00','0000-00-00 00:00:00','2019-10-08 16:53:19'),(3,'2118010014005','Lewington','A',2,2,3,'2118010014005','HOwfI/Pl0LaMyHJwuYBHYV8FGYDQxtCl','',0,'2016-10-31 00:00:00','0000-00-00 00:00:00','0000-00-00 00:00:00'),(4,'2118010014013','McCrorie','N',2,2,2,'2118010014013','AjL6Edx0AFdHrja9MdQEV0OiPRE/NrVI','',1,NULL,'0000-00-00 00:00:00','0000-00-00 00:00:00'),(5,'2118010016006','Turner','J',2,1,1,'2118010016006','dmyXIc1dixo1oi43a+C3+h8/v6xApNTo','',0,NULL,'0000-00-00 00:00:00','0000-00-00 00:00:00'),(6,'2118010016007','Slater','B',3,2,1,'2118010016007','//v/TnmXyClsDqFFBYjGyaaB3ZaIwGHV','',0,NULL,'0000-00-00 00:00:00','0000-00-00 00:00:00'),(7,'2118010016008','Bailey','S',3,1,1,'2118010016008','ERjjMQ5Kq8X42xLOmjFSlbq5up8pvqpY','',1,NULL,'0000-00-00 00:00:00','0000-00-00 00:00:00'),(8,'2118010016009','Brown','K',3,1,2,'2118010016009','Af6h0kzkz+qMdSYqho9ImKBOdLDe3mOV','',0,NULL,'0000-00-00 00:00:00','0000-00-00 00:00:00'),(9,'2118010016010','Mitchell','A',4,2,3,'2118010016010','FB77ZjVJ4s59KtQGKs2yvPp/A1xpehXp','',0,NULL,'0000-00-00 00:00:00','2019-10-15 21:48:31'),(10,'2118010016012','Cameron','S',5,1,2,'2118010016012','m/IxJcqwFCa7maTHsJqy5Nu833luSzCd','',0,NULL,'0000-00-00 00:00:00','0000-00-00 00:00:00'),(11,'2118010016015','Scott - test','O',5,1,3,'2118010016015','xOpJR4LuzukMthhmjxT2WOu2Xge28juW','',0,NULL,'0000-00-00 00:00:00','0000-00-00 00:00:00'),(12,'2118010016016','Melbourne','K',6,1,2,'2118010016016','cbiFICArRuZyl6Gs2O4Io/2TgCPoCx26','',0,NULL,'0000-00-00 00:00:00','0000-00-00 00:00:00'),(13,'2118010016017','Cheesmer','T',7,1,3,'2118010016017','R8Oi99Bp7g5V1RZyYR9dLHzx2zjKEcqo','',0,NULL,'0000-00-00 00:00:00','0000-00-00 00:00:00'),(14,'2118010016019','Wilson','A',8,1,1,'2118010016019','jT7qxfUaqPpKmGpAsrJ+8LPLJHzGkYIr','',0,NULL,'0000-00-00 00:00:00','0000-00-00 00:00:00'),(15,'2118010017001','Goodfellow','B',1,1,1,'2118010017001','OhQcW3xzW2UuHJTqK98w/78jKoVRkUqL','',0,NULL,'0000-00-00 00:00:00','0000-00-00 00:00:00'),(16,'2118010017002','Nicholls','T',1,1,1,'2118010017002','JLVnc7A3jSYom8nBhRTxQqebpmDVPbx4','',0,NULL,'0000-00-00 00:00:00','0000-00-00 00:00:00'),(17,'2118010017003','Mills','E',1,2,1,'2118010017003','tF4YV1E3udKf2r+WyHRoJ6KXQgKRIGRC','',0,NULL,'0000-00-00 00:00:00','0000-00-00 00:00:00'),(35,'2118010019001','test','Tes',1,1,1,'2118010019001','$2b$10$.QsB2j5ARiJAr2izEjSOn.WqgxhtUwGOFiTkLjYPHBWJ8cOQQ03IS','$2b$10$.QsB2j5ARiJAr2izEjSOn.',1,NULL,'0000-00-00 00:00:00','2019-10-08 18:22:01'),(36,'30215564','Davis','I',17,1,1,'30215564','$2b$10$w.FueD2PYSVe7e.Bg8bMuu1fjwentd7l./9xbwoygii00LflE8scC','$2b$10$w.FueD2PYSVe7e.Bg8bMuu',0,NULL,'0000-00-00 00:00:00','2019-10-15 18:05:17');
/*!40000 ALTER TABLE `users` ENABLE KEYS */;
UNLOCK TABLES;
/*!40103 SET TIME_ZONE=@OLD_TIME_ZONE */;

/*!40101 SET SQL_MODE=@OLD_SQL_MODE */;
/*!40014 SET FOREIGN_KEY_CHECKS=@OLD_FOREIGN_KEY_CHECKS */;
/*!40014 SET UNIQUE_CHECKS=@OLD_UNIQUE_CHECKS */;
/*!40101 SET CHARACTER_SET_CLIENT=@OLD_CHARACTER_SET_CLIENT */;
/*!40101 SET CHARACTER_SET_RESULTS=@OLD_CHARACTER_SET_RESULTS */;
/*!40101 SET COLLATION_CONNECTION=@OLD_COLLATION_CONNECTION */;
/*!40111 SET SQL_NOTES=@OLD_SQL_NOTES */;

-- Dump completed on 2019-10-16 18:23:25
